Pesquisador,Inicio GRADUACAO,Fim GRADUACAO,Inicio MESTRADO,Fim MESTRADO,Inicio DOUTORADO,Fim DOUTORADO,Inicio POS-DOUTORADO,Fim POS-DOUTORADO
1,1987.0,1990.0,1993.0,1996.0,1996,2002,2004.0,2006.0
2,1970.0,1973.0,1974.0,1975.0,1975,1979,1981.0,1982.0
3,2000.0,2004.0,2004.0,2006.0,2006,2011,2022.0,
4,1986.0,1991.0,,,1992,1997,,
5,2007.0,2011.0,2011.0,2013.0,2013,2017,2017.0,2019.0
6,1975.0,1978.0,1980.0,1984.0,1988,1993,,
7,2002.0,2005.0,2006.0,2008.0,2008,2011,2012.0,2014.0
8,1990.0,1993.0,1994.0,1996.0,1997,2001,2001.0,2005.0
9,1979.0,1983.0,1985.0,1991.0,1994,1997,,
10,1966.0,1969.0,1971.0,1973.0,1973,1974,1982.0,1984.0
11,1993.0,1996.0,1997.0,1999.0,1999,2003,2003.0,2006.0
12,1993.0,1997.0,1998.0,2000.0,2001,2006,2006.0,2007.0
13,,,,,1995,2000,2008.0,2010.0
14,1987.0,1990.0,1991.0,1993.0,1993,1997,1998.0,2000.0
15,1979.0,1984.0,1987.0,1989.0,1990,1995,,
16,1967.0,1971.0,1974.0,1977.0,1977,1979,1983.0,1983.0
17,1977.0,1980.0,1982.0,1984.0,1984,1989,,
18,1990.0,1993.0,1994.0,1996.0,1997,2001,2002.0,2003.0
19,1999.0,2002.0,2003.0,2005.0,2008,2012,2013.0,2013.0
20,1977.0,1981.0,1982.0,1984.0,1985,1989,1990.0,1991.0
21,1980.0,1984.0,1984.0,1989.0,1990,1995,1995.0,1996.0
22,1990.0,1993.0,1994.0,1996.0,1998,2002,,
23,1968.0,1971.0,,,1974,1981,2007.0,2007.0
24,1990.0,1993.0,1995.0,1998.0,1999,2004,2004.0,2007.0
25,1989.0,1992.0,1995.0,1998.0,1999,2004,2005.0,2008.0
26,2001.0,2004.0,2006.0,2008.0,2009,2014,2014.0,2017.0
27,1987.0,1991.0,1999.0,2001.0,2002,2006,2016.0,
28,2001.0,2004.0,2006.0,2008.0,2008,2012,2013.0,2014.0
29,1993.0,1999.0,2000.0,2002.0,2003,2007,2007.0,2010.0
30,1986.0,1990.0,1990.0,1993.0,1993,1996,1996.0,1998.0
31,2001.0,2003.0,2004.0,2006.0,2006,2011,2011.0,2013.0
32,1987.0,1990.0,1991.0,1992.0,1992,1994,1995.0,1996.0
33,1985.0,1990.0,1996.0,1999.0,2003,2006,,
34,1985.0,1988.0,1990.0,1992.0,1993,1998,2005.0,2006.0
35,1984.0,1987.0,1988.0,1991.0,1991,1996,1996.0,1997.0
36,1999.0,2002.0,2003.0,2005.0,2005,2008,,
37,1987.0,1991.0,1992.0,1994.0,1996,2002,2003.0,
38,2001.0,2006.0,2007.0,2009.0,2009,2012,2013.0,2015.0
39,1997.0,2002.0,2002.0,2004.0,2006,2012,2014.0,
40,1974.0,1978.0,,,1979,1983,1993.0,1993.0
41,1976.0,1980.0,1981.0,1985.0,1986,1991,,
42,1988.0,1994.0,,,1998,2002,2002.0,2004.0
43,1996.0,2001.0,,,2002,2008,2019.0,2020.0
44,1995.0,2000.0,2002.0,2004.0,2007,2011,2012.0,2016.0
45,1988.0,1993.0,1998.0,2000.0,2000,2003,2004.0,2005.0
46,1972.0,1977.0,,,1982,1990,1992.0,1995.0
47,1987.0,1990.0,1992.0,1994.0,1994,1999,2000.0,2003.0
48,1992.0,1996.0,,,1997,2002,2003.0,2005.0
49,2003.0,2007.0,2009.0,2011.0,2011,2015,2015.0,
50,2002.0,2005.0,2006.0,2009.0,2013,2014,2015.0,2016.0
51,1987.0,1991.0,1992.0,1995.0,1996,2000,,
52,1998.0,2002.0,2003.0,2005.0,2006,2010,2010.0,2013.0
53,1966.0,1970.0,1974.0,1977.0,1978,1981,1991.0,1991.0
54,1975.0,1978.0,1979.0,1981.0,1981,1985,1991.0,1991.0
55,1987.0,1990.0,1991.0,1993.0,1993,1997,1998.0,2000.0
56,1988.0,1992.0,1992.0,1995.0,1995,2000,2010.0,2011.0
57,1994.0,1997.0,,,1998,2002,2002.0,2006.0
58,1988.0,1992.0,1993.0,1996.0,1997,2002,2015.0,2016.0
59,2002.0,2007.0,,,2007,2010,2014.0,2018.0
60,1980.0,1983.0,1984.0,1988.0,1990,1993,1998.0,1998.0
61,1985.0,1989.0,1989.0,1990.0,1990,1994,1997.0,1998.0
62,2003.0,2006.0,2007.0,2009.0,2009,2012,2012.0,2014.0
63,1982.0,1986.0,1987.0,1990.0,1991,1996,1997.0,1998.0
64,1985.0,1988.0,1991.0,1992.0,1992,1995,1996.0,1997.0
65,1983.0,1986.0,1987.0,1989.0,1989,1993,,
66,1986.0,1989.0,1992.0,1995.0,1996,2000,2000.0,2001.0
67,1999.0,2003.0,,,2005,2010,2013.0,2014.0
68,1982.0,1987.0,1990.0,1993.0,1993,1997,1997.0,1998.0
69,1976.0,1979.0,1980.0,1982.0,1983,1989,1994.0,1994.0
71,1999.0,2004.0,2005.0,2008.0,2010,2014,2014.0,2016.0
72,1991.0,1995.0,1996.0,1998.0,1998,2003,2003.0,2004.0
73,1984.0,1989.0,,,1992,1997,1997.0,2001.0
74,1998.0,2002.0,,,2003,2008,2008.0,2010.0
75,1970.0,1973.0,,,1975,1979,,
76,1987.0,1991.0,1993.0,1996.0,1997,2004,2015.0,2015.0
77,1983.0,1986.0,,,1988,1992,1992.0,1996.0
78,1992.0,1995.0,1997.0,1999.0,1999,2003,,
79,1980.0,1985.0,1991.0,1995.0,1996,2000,2000.0,2002.0
80,1984.0,1988.0,1989.0,1990.0,1989,1994,,
81,1993.0,1996.0,1997.0,1999.0,1999,2003,2003.0,2006.0
82,1993.0,1996.0,1997.0,1999.0,1999,2003,2007.0,2007.0
83,1981.0,1985.0,1988.0,1991.0,1992,1996,2018.0,2018.0
84,1998.0,2002.0,2004.0,2006.0,2007,2011,2012.0,2013.0
85,1984.0,1989.0,1990.0,1993.0,1995,1999,2000.0,2003.0
86,1980.0,1984.0,1988.0,1990.0,1990,1994,1995.0,1996.0
87,1996.0,2000.0,2000.0,2002.0,2002,2006,2009.0,2011.0
88,1980.0,1984.0,1986.0,1989.0,1989,1994,1995.0,1995.0
89,1978.0,1981.0,1984.0,1988.0,1989,1994,2001.0,2001.0
90,1978.0,1981.0,1983.0,1987.0,1987,1992,1992.0,1996.0
91,1996.0,2000.0,2000.0,2002.0,2002,2005,2006.0,2011.0
92,1978.0,1982.0,1992.0,1997.0,2000,2003,2014.0,2014.0
93,2001.0,2005.0,,,2005,2010,2010.0,2013.0
94,1967.0,1971.0,1976.0,1981.0,1984,1986,1997.0,1998.0
95,1986.0,1992.0,,,1992,1996,2004.0,2005.0
96,1996.0,1999.0,2000.0,2002.0,2003,2007,2012.0,2014.0
97,1977.0,1988.0,1981.0,1983.0,1983,1987,1988.0,1989.0
98,1985.0,1988.0,,,1989,1993,1993.0,1994.0
99,1980.0,1983.0,,,1985,1989,,
100,1972.0,1977.0,1979.0,1983.0,1984,1989,,
101,1965.0,1968.0,1969.0,1970.0,1971,1974,1975.0,1977.0
102,1997.0,2001.0,,,2002,2006,2006.0,2008.0
103,1990.0,1996.0,1996.0,1998.0,2000,2003,2004.0,2006.0
104,1974.0,1978.0,,,1979,1984,,
105,1985.0,1988.0,1990.0,1992.0,1992,1997,1997.0,1999.0
106,1991.0,1994.0,,,1995,2000,2000.0,2003.0
107,1963.0,1968.0,1972.0,1975.0,1975,1977,2011.0,2012.0
108,1975.0,1979.0,1980.0,1985.0,1987,1992,1994.0,1995.0
109,1986.0,1990.0,1991.0,1994.0,1994,1999,,
110,1997.0,2001.0,2001.0,2003.0,2003,2006,2008.0,2009.0
111,1988.0,1991.0,1991.0,1993.0,1993,1999,1999.0,1999.0
112,2000.0,2003.0,,,2004,2009,2009.0,2010.0
113,1979.0,1984.0,1988.0,1991.0,1991,1993,1994.0,1995.0
114,1991.0,1994.0,1995.0,1997.0,1997,2001,,
115,1981.0,1984.0,1985.0,1988.0,1989,1994,1995.0,1995.0
116,1967.0,1970.0,,,1971,1974,1989.0,1989.0
117,1988.0,1991.0,1992.0,1995.0,1995,1999,2000.0,2003.0
118,1988.0,1992.0,1993.0,1996.0,1997,2001,2002.0,2003.0
119,2000.0,2002.0,2005.0,2007.0,2007,2011,2014.0,2015.0
120,2006.0,2010.0,2010.0,2011.0,2011,2014,2014.0,2019.0
121,1986.0,1991.0,1991.0,1994.0,1994,1997,1997.0,1999.0
122,1978.0,1981.0,1982.0,1984.0,1984,1988,1988.0,1990.0
123,1997.0,2000.0,2001.0,2003.0,2004,2010,2012.0,
124,1997.0,2000.0,,,2001,2005,2006.0,2007.0
125,1994.0,1997.0,1998.0,2000.0,2001,2005,2006.0,2008.0
126,1971.0,1975.0,1977.0,1981.0,1982,1988,1990.0,1991.0
127,1985.0,1990.0,1992.0,1994.0,1995,2000,2001.0,2003.0
128,2005.0,2009.0,2009.0,2011.0,2011,2015,2019.0,2020.0
129,2001.0,2004.0,,,2005,2011,2012.0,2016.0
130,1975.0,1979.0,1979.0,1982.0,1986,1991,2021.0,
131,1999.0,2003.0,2005.0,2007.0,2012,2016,2018.0,
132,1980.0,1984.0,1984.0,1990.0,1991,1996,,
133,1977.0,1980.0,1982.0,1985.0,1985,1989,1989.0,1991.0
134,1994.0,1997.0,,,2000,2004,2005.0,2006.0
135,1975.0,1978.0,1980.0,1983.0,1983,1990,1993.0,1993.0
136,1992.0,1995.0,1998.0,2000.0,2000,2005,2006.0,2006.0
137,1995.0,1998.0,1998.0,2000.0,2001,2005,,
138,2000.0,2003.0,2004.0,2006.0,2006,2010,2010.0,2011.0
139,1994.0,1998.0,,,1998,2005,2005.0,2007.0
140,1998.0,2001.0,,,2002,2006,2006.0,2008.0
141,1994.0,1999.0,2000.0,2002.0,2002,2008,2008.0,2009.0
142,1986.0,1990.0,1993.0,1997.0,2005,2009,,
143,1978.0,1981.0,1982.0,1985.0,1989,1992,,
144,1973.0,1977.0,,,1981,1987,1993.0,1993.0
