Gênero,Pesquisador
F,1
F,1
F,1
F,1
F,1
F,1
F,1
F,1
F,1
F,1
F,1
F,1
F,1
F,1
F,1
F,1
F,1
F,1
F,1
F,1
F,1
M,2
M,2
M,2
M,2
M,2
M,2
M,2
M,2
M,2
M,2
M,2
M,2
M,2
M,2
M,2
M,2
M,2
M,2
M,2
M,2
M,2
M,2
M,2
M,2
M,2
M,2
M,2
M,2
M,2
M,2
M,2
M,2
M,2
M,2
M,2
M,2
M,2
M,2
M,2
M,2
M,2
M,2
M,2
M,2
M,2
M,2
M,2
M,2
M,2
M,2
M,2
M,2
M,2
M,2
M,2
M,2
M,2
M,2
M,2
M,2
M,2
M,2
M,2
M,2
M,2
M,2
M,2
M,2
M,2
M,2
M,2
M,2
M,2
M,2
M,2
M,2
M,2
,3
,3
,3
,3
,3
,3
,3
,3
,3
,3
,3
,3
,3
,3
,3
,3
,3
,3
,3
,3
,3
,3
,3
,3
,3
,3
,3
,3
,3
,3
,3
,3
M,4
M,4
M,4
M,4
M,4
M,4
M,4
M,4
M,4
M,4
M,4
M,4
M,4
M,4
M,4
M,4
M,4
M,4
M,4
M,4
M,4
M,4
M,4
M,4
M,4
M,4
M,4
M,4
M,4
M,4
M,4
M,4
M,4
M,4
M,4
M,4
M,4
M,4
M,4
M,4
M,4
M,4
M,4
M,4
M,4
M,4
M,4
M,4
M,4
M,4
M,4
M,4
M,4
M,4
M,4
M,4
M,4
M,4
M,4
M,4
M,4
M,4
M,4
M,4
M,4
M,5
M,5
M,5
M,5
M,5
M,5
M,5
M,5
M,5
M,5
M,5
M,5
M,5
M,5
M,5
M,5
M,5
M,5
M,5
M,5
M,5
M,5
M,5
M,5
M,5
M,5
M,5
M,5
M,5
M,6
M,6
M,6
M,6
M,6
M,6
M,6
M,6
M,6
M,6
M,6
M,6
M,6
M,6
M,6
M,6
M,6
M,6
M,6
M,6
M,6
M,6
M,6
M,6
M,6
M,6
M,6
M,6
M,6
M,6
M,6
M,6
M,6
M,6
M,6
M,6
M,6
M,6
M,6
M,6
M,6
M,6
M,6
M,6
M,6
M,6
M,6
M,6
M,6
M,6
M,6
M,6
M,6
M,6
M,6
M,6
M,6
M,6
M,6
M,6
M,6
M,6
M,6
M,6
M,6
M,6
M,6
M,6
M,6
M,6
M,6
M,6
M,6
M,6
M,6
M,6
M,6
M,6
M,6
M,6
M,6
M,6
M,6
M,6
M,6
M,6
M,6
M,6
M,6
M,6
M,6
M,6
M,6
M,6
M,6
M,6
M,6
M,6
F,7
F,7
F,7
F,7
F,7
F,7
F,7
F,7
F,7
F,7
F,7
F,7
F,7
F,7
F,7
F,7
F,7
F,7
F,7
F,7
F,7
F,7
F,8
F,8
F,8
F,8
F,8
F,8
F,8
F,8
F,8
F,8
F,8
F,8
F,8
F,8
F,8
F,8
F,8
F,8
F,8
F,8
F,8
F,8
F,8
F,8
F,8
F,8
F,8
F,8
F,8
F,8
F,8
F,8
F,8
F,8
F,8
F,8
F,8
F,8
F,8
F,8
F,8
F,8
F,8
F,8
F,8
F,8
F,8
F,8
F,8
F,8
F,8
F,8
F,8
F,8
F,8
F,8
F,8
F,8
F,8
F,8
F,8
F,8
F,8
F,8
F,8
F,8
F,8
F,8
F,8
F,8
F,8
F,8
F,8
F,8
F,8
F,8
F,8
F,8
F,8
F,8
F,8
F,8
F,8
F,8
F,8
F,8
F,8
F,8
F,8
F,8
F,8
F,8
F,8
F,8
F,8
F,8
F,8
F,8
F,8
F,8
F,8
F,8
F,8
F,8
F,8
F,8
F,8
F,8
F,8
F,8
F,8
F,8
F,8
F,8
F,8
F,8
F,8
F,8
F,8
F,8
F,8
F,8
F,8
F,8
F,8
F,8
F,9
F,9
F,9
F,9
F,9
F,9
F,9
F,9
F,9
F,9
F,9
F,9
F,9
F,9
F,9
F,9
F,9
F,9
F,9
F,9
F,9
F,9
F,9
F,9
F,10
F,10
F,10
F,10
F,10
F,10
F,10
F,10
F,10
F,10
F,10
F,10
F,10
F,10
F,10
F,10
F,10
F,10
F,10
F,10
F,10
F,10
F,10
F,10
F,10
F,10
F,10
F,10
F,10
F,10
F,10
F,10
F,10
F,10
F,10
F,10
F,10
F,10
F,10
F,10
F,10
F,10
F,10
F,10
F,10
F,10
F,10
F,10
F,10
F,10
F,10
F,10
F,10
F,10
F,10
F,10
F,10
F,10
F,10
F,10
F,10
F,10
F,10
F,10
F,10
F,10
F,10
F,10
F,10
F,10
F,10
F,10
F,10
F,10
F,10
F,10
F,10
F,10
F,10
F,10
F,10
F,10
F,10
F,10
F,10
F,10
F,10
F,10
F,10
F,10
F,10
F,10
F,10
F,10
F,10
F,10
F,10
F,10
F,10
F,10
F,10
F,10
F,10
F,10
F,10
F,10
F,10
F,10
F,10
F,10
F,10
F,10
F,10
F,10
F,10
F,10
F,10
F,10
F,10
F,10
F,10
F,10
F,10
F,10
F,10
F,10
F,10
F,10
F,10
F,10
F,10
F,10
F,10
F,10
F,10
F,10
F,10
F,10
F,10
F,10
F,10
F,10
F,10
F,10
F,10
F,10
F,10
F,10
F,10
F,10
F,10
F,10
F,10
F,10
M,11
M,11
M,11
M,11
M,11
M,11
M,11
M,11
M,11
M,11
M,11
M,11
M,11
M,11
M,11
M,11
M,11
M,11
M,11
M,11
M,11
M,11
M,11
M,11
M,11
M,11
M,11
M,11
M,11
M,11
M,11
M,11
M,11
M,11
M,11
M,11
M,11
M,11
M,11
M,11
M,11
M,11
M,11
M,11
M,11
M,11
M,11
M,11
M,11
M,11
M,11
M,11
M,11
M,11
M,11
M,11
M,11
M,11
M,11
M,11
M,11
M,11
M,11
M,11
M,11
M,11
M,11
M,11
M,11
M,11
M,11
M,11
M,11
M,11
M,11
M,11
M,11
M,11
M,11
M,11
M,11
M,11
M,11
M,11
M,11
M,11
M,11
M,11
M,11
M,11
M,11
M,11
M,11
M,11
M,11
M,11
M,11
M,11
M,11
M,11
M,11
M,11
M,11
M,11
M,11
M,11
M,11
M,11
M,11
M,11
M,11
M,11
M,11
M,11
M,11
M,11
M,11
M,11
M,11
M,12
M,12
M,12
M,12
M,12
M,12
M,12
M,12
M,12
M,12
M,12
M,12
M,12
M,12
M,12
M,12
M,12
M,12
M,12
M,12
M,12
M,12
,13
,13
,13
,13
,13
,13
,13
,13
,13
,13
,13
,13
,13
,13
,13
,13
,13
,13
,13
,13
,13
,13
,13
,13
,13
,13
,13
,13
,13
,13
,13
,13
,13
,13
,13
,13
,13
,13
,13
,13
M,14
M,14
M,14
M,14
M,14
M,14
M,14
M,14
M,14
M,14
M,14
M,14
M,14
M,14
M,14
M,14
M,14
M,14
M,14
M,14
M,14
M,14
M,14
M,14
M,14
M,14
M,14
M,14
M,14
M,14
M,14
M,14
M,14
M,14
M,14
M,14
M,14
M,14
M,14
M,14
M,14
M,14
M,14
M,14
M,14
M,14
M,14
M,14
M,14
M,14
M,14
M,14
M,14
M,14
M,14
M,14
M,14
M,14
M,14
M,14
M,14
M,14
M,14
M,14
M,14
M,14
M,14
M,14
M,14
M,14
M,14
M,14
M,14
M,14
M,14
M,14
M,14
M,14
M,14
M,14
M,14
M,14
M,14
M,14
M,14
M,14
M,14
M,14
M,14
M,14
M,14
M,14
M,14
M,14
M,14
M,14
M,14
M,14
M,14
M,14
M,14
M,14
M,14
M,14
M,14
M,14
M,14
M,14
M,14
M,14
M,14
M,14
M,14
M,14
M,14
M,14
M,14
M,14
M,14
M,14
M,14
M,14
M,14
M,14
M,14
M,14
M,14
M,14
M,14
M,14
M,14
M,14
M,14
M,14
M,14
M,14
M,14
M,14
M,14
M,14
M,14
M,14
M,14
M,14
M,14
M,14
M,14
M,14
M,14
M,14
M,14
M,14
M,14
M,14
M,14
M,14
M,14
M,14
M,14
M,14
M,14
M,14
M,14
M,14
M,14
M,14
M,14
M,15
M,15
M,15
M,15
M,15
M,15
M,15
M,15
M,15
M,15
M,15
M,15
M,15
M,15
M,15
M,15
M,15
M,15
M,15
M,15
M,15
M,15
M,15
M,15
M,15
M,15
M,15
M,15
M,15
M,15
M,15
M,15
M,15
M,15
M,15
M,15
M,15
M,15
M,15
M,15
M,15
M,15
M,15
M,15
M,15
M,15
M,15
M,15
M,15
M,15
M,15
M,15
M,15
M,15
M,15
M,15
M,15
M,15
M,15
M,15
M,15
M,15
M,15
M,15
M,15
M,15
M,15
M,15
M,15
M,15
M,15
M,15
M,15
M,15
M,15
M,15
M,15
M,15
M,15
M,15
M,15
M,15
M,15
M,15
M,15
M,15
M,15
M,15
M,15
M,15
M,15
M,15
M,15
M,15
M,15
M,15
M,15
M,15
M,15
M,15
M,15
M,15
M,15
M,15
M,15
M,15
M,15
M,15
M,15
M,15
M,15
M,15
M,15
M,15
M,15
M,15
M,15
M,15
M,15
M,15
M,15
M,15
M,15
M,15
M,15
M,15
M,15
M,15
M,15
M,15
M,15
M,15
M,15
M,15
M,15
M,15
M,15
M,15
M,15
M,15
M,15
M,15
M,15
M,15
M,15
M,15
M,15
M,15
M,15
M,15
M,15
M,15
M,15
M,15
M,15
M,15
M,15
M,15
M,15
M,15
M,15
M,15
M,15
M,15
M,15
M,15
M,15
M,15
M,15
M,15
M,15
M,15
M,15
M,15
M,15
M,15
M,15
M,15
M,15
M,15
M,15
M,15
M,15
M,15
M,15
M,15
M,15
M,15
M,15
M,15
M,15
M,15
M,15
M,15
M,15
M,15
M,15
M,15
M,15
M,15
M,15
M,15
M,15
M,15
M,15
M,15
M,15
M,15
M,15
M,15
M,15
M,15
M,15
M,15
M,15
M,15
M,15
M,15
M,15
M,15
M,15
M,15
M,15
M,15
M,15
M,15
M,15
M,15
M,15
M,15
M,15
M,15
M,15
M,15
M,15
M,15
M,15
M,15
M,15
M,15
M,15
M,15
M,15
M,15
M,15
M,15
M,15
M,15
M,15
M,15
M,15
M,15
M,15
M,15
M,15
M,15
M,15
M,15
M,15
M,15
M,15
M,15
M,15
M,15
M,15
M,15
M,15
M,15
M,15
M,15
M,15
M,15
M,15
M,15
M,15
M,15
M,15
M,15
M,15
M,15
M,15
M,15
M,15
M,15
M,15
M,15
M,15
M,15
M,15
M,15
M,15
M,15
M,15
M,15
M,15
M,15
M,15
M,15
M,15
M,15
M,15
M,15
M,15
M,15
M,15
M,15
M,15
M,15
M,15
M,15
M,15
M,15
M,15
M,15
M,15
M,15
M,15
M,15
M,15
M,15
M,15
M,15
M,15
M,15
M,15
M,15
M,15
M,15
M,15
M,15
M,15
M,15
M,15
M,15
M,15
M,15
M,15
M,15
M,15
M,15
M,15
M,15
M,15
M,15
M,15
M,15
M,15
M,15
M,15
M,15
M,15
M,15
M,15
M,15
M,15
M,15
M,15
M,15
M,15
M,15
M,15
M,15
M,15
M,15
M,15
M,15
M,15
M,15
M,15
M,15
M,15
M,15
M,15
M,15
M,15
M,15
M,15
M,15
M,15
M,15
M,15
M,15
M,15
M,15
M,15
M,15
M,15
M,15
M,15
M,15
M,15
M,15
M,15
M,15
M,15
M,15
M,15
M,15
M,15
M,15
M,15
M,15
M,15
M,15
M,15
M,15
M,15
M,15
M,15
M,15
M,15
M,15
M,15
M,15
M,15
M,15
M,15
M,15
M,15
M,15
M,15
M,15
M,15
M,15
M,15
M,15
M,15
M,15
M,15
M,15
M,15
M,15
M,15
M,15
M,15
M,15
M,15
M,15
M,15
M,15
M,15
M,16
M,16
M,16
M,16
M,16
M,16
M,16
M,16
M,16
M,16
M,16
M,16
M,16
M,16
M,16
M,16
M,16
M,16
M,16
M,16
M,16
M,16
M,16
M,16
M,16
M,16
M,16
M,16
M,16
M,16
M,16
M,16
M,16
M,16
M,16
M,16
M,16
M,16
M,16
M,16
M,16
M,16
M,16
M,16
M,16
M,16
M,16
M,16
M,16
M,16
M,16
M,16
M,16
M,16
M,16
M,16
M,16
M,16
M,16
M,16
M,16
M,16
M,16
M,16
M,16
M,16
M,16
M,16
M,16
M,16
M,16
M,16
M,16
M,16
M,16
M,16
M,16
M,16
M,16
M,16
M,16
M,16
M,16
M,16
M,16
M,16
M,16
M,16
M,16
M,16
M,16
M,16
M,16
M,16
M,16
M,16
M,16
M,16
M,16
M,16
M,16
M,16
M,16
M,16
M,16
M,16
M,16
M,16
M,16
M,16
M,16
M,16
M,16
M,16
M,16
M,16
M,16
M,16
M,16
M,16
M,16
M,16
M,16
M,16
M,16
M,16
M,16
M,16
M,16
M,16
M,16
M,16
M,16
M,16
M,16
M,16
M,16
M,16
M,16
M,16
M,16
M,16
M,16
M,16
M,16
M,16
M,16
M,16
M,16
M,16
M,16
M,16
M,16
M,16
M,16
M,16
M,16
M,16
M,16
M,16
M,16
M,16
M,16
F,17
F,17
F,17
F,17
F,17
F,17
F,17
F,17
F,17
F,17
F,17
F,17
F,17
F,17
F,17
F,17
F,17
F,17
F,17
F,17
F,17
F,17
F,17
F,17
F,17
F,17
F,17
F,17
F,17
F,17
F,17
F,17
F,17
F,17
F,17
F,17
F,17
F,17
F,17
F,17
F,17
F,17
F,17
F,17
F,17
F,17
F,17
F,17
F,17
F,17
M,18
M,18
M,18
M,18
M,18
M,18
M,18
M,18
M,18
M,18
M,18
M,18
M,18
M,18
M,18
M,18
M,18
M,18
M,18
M,18
M,18
M,18
M,18
M,18
M,18
M,18
M,18
M,18
M,18
M,18
M,18
M,18
M,18
M,18
M,18
M,18
M,18
M,18
M,18
M,18
M,18
M,18
M,18
M,18
M,18
M,18
M,18
M,18
M,18
M,18
M,18
M,18
M,18
M,18
M,18
M,18
M,18
M,18
M,18
M,18
M,18
M,18
M,18
M,18
M,18
M,18
M,18
M,18
M,18
M,18
M,18
M,18
M,18
M,18
M,18
M,18
M,18
M,18
M,18
M,18
M,18
M,18
M,18
M,18
M,18
M,18
M,18
F,19
F,19
F,19
F,19
F,19
F,19
F,19
F,19
F,19
F,19
F,19
F,19
F,20
F,20
F,20
F,20
F,20
F,20
F,20
F,20
F,20
F,20
F,20
F,20
F,20
F,20
F,20
F,20
F,20
F,20
F,20
F,20
F,20
F,20
F,20
F,20
F,20
F,20
F,20
F,20
F,20
F,20
F,20
F,20
F,20
F,20
F,20
F,20
F,20
F,20
F,20
F,20
F,20
F,20
F,20
F,20
F,20
F,20
F,20
F,20
F,20
F,20
F,20
F,20
F,20
F,20
F,20
F,20
F,20
F,20
F,20
F,20
F,20
F,20
F,20
F,20
F,20
F,20
F,20
F,20
F,20
F,20
F,20
F,20
F,20
F,20
F,20
F,20
F,20
F,20
F,20
F,20
F,20
F,20
F,20
F,20
F,20
F,20
F,20
F,20
F,20
F,20
F,20
F,20
F,20
F,20
F,20
F,20
F,20
F,20
F,20
F,20
F,20
F,20
F,20
F,20
F,20
F,20
F,20
F,20
F,20
F,20
F,20
F,20
F,20
F,20
F,20
F,20
F,20
F,20
F,20
F,20
F,20
F,20
F,20
F,20
F,20
F,20
F,20
F,20
F,20
F,20
F,20
F,20
F,20
F,20
F,20
F,20
F,20
F,20
F,20
F,20
F,20
F,20
F,20
F,20
F,20
F,20
F,20
F,20
F,20
F,20
F,20
F,20
F,20
F,20
F,20
F,20
F,20
F,20
F,20
F,20
F,20
F,20
F,20
F,20
F,20
F,20
F,20
F,20
F,20
F,20
F,20
F,20
F,20
F,20
F,20
M,21
M,21
M,21
M,21
M,21
M,21
M,21
M,21
M,21
M,21
M,21
M,21
M,21
M,21
M,21
M,21
M,21
M,21
M,21
M,21
M,21
M,21
M,21
M,21
M,21
M,21
M,21
M,21
M,21
M,21
M,21
M,21
M,21
M,21
M,21
M,21
M,21
M,21
M,21
M,21
M,21
M,21
M,21
M,21
M,21
M,21
M,21
M,21
M,21
M,21
M,21
M,21
M,21
M,21
M,21
M,21
M,21
M,21
M,21
M,21
M,21
M,21
M,21
M,21
M,21
M,21
M,21
M,21
M,21
M,21
M,21
M,21
M,21
M,21
M,21
M,21
M,21
M,21
M,21
M,21
M,21
M,21
M,21
M,21
M,21
M,21
M,21
M,21
M,21
M,21
M,21
M,21
M,21
M,21
M,21
M,21
M,21
M,21
M,21
M,21
M,21
M,21
M,21
M,21
M,21
M,21
M,21
M,21
M,21
M,21
M,21
M,21
M,21
M,21
M,21
M,21
M,21
M,21
M,21
M,21
M,21
M,21
M,21
M,21
M,21
M,21
M,21
M,21
M,21
M,21
M,22
M,22
M,22
M,22
M,22
M,22
M,22
M,22
M,22
M,22
M,22
M,22
M,22
M,22
M,22
M,22
M,22
M,22
M,22
M,22
M,22
M,22
M,22
M,22
M,22
M,22
M,22
M,22
M,22
M,22
M,22
M,22
M,22
M,22
M,22
M,22
M,22
M,22
M,22
M,22
M,22
M,22
M,22
M,22
M,22
M,22
M,22
M,22
M,22
M,22
M,22
M,22
M,22
M,22
M,22
M,22
M,22
M,22
M,22
M,22
M,22
M,22
M,22
M,22
M,22
M,22
M,22
M,22
M,22
M,22
M,22
M,22
M,22
M,22
M,22
M,22
M,22
M,22
M,22
M,22
M,22
M,22
M,22
M,22
M,22
M,22
M,22
M,22
M,22
M,22
M,22
M,22
M,22
M,22
M,22
M,22
M,22
M,22
M,22
M,22
M,22
M,22
M,22
M,22
M,22
M,22
M,22
M,22
M,22
M,22
M,23
M,23
M,23
M,23
M,23
M,23
M,23
M,23
M,23
M,23
M,23
M,23
M,23
M,23
M,23
M,23
M,23
M,23
M,23
M,23
M,23
M,23
M,23
M,23
M,23
M,23
M,23
M,23
M,23
M,23
M,23
M,23
M,23
M,23
M,23
M,23
M,23
M,23
M,23
M,23
M,23
M,23
M,23
M,23
M,23
M,23
M,23
M,23
M,23
M,23
M,23
M,23
M,23
M,23
M,23
M,23
M,23
M,23
M,23
M,23
M,23
M,23
M,23
M,23
M,23
M,23
M,23
M,23
M,23
M,23
M,23
M,23
M,23
M,23
M,23
M,23
M,23
M,23
M,23
M,23
M,23
M,23
M,23
M,23
M,23
M,23
M,23
M,23
M,23
M,23
M,23
M,23
M,23
M,23
M,23
F,24
F,24
F,24
F,24
F,24
F,24
F,24
F,24
F,24
F,24
F,24
F,24
F,24
F,24
F,24
F,24
F,24
F,24
F,24
F,24
F,24
F,24
F,24
F,24
F,24
F,24
F,24
F,24
F,24
F,24
F,24
F,24
F,24
F,24
F,24
F,24
F,24
F,24
F,24
F,24
F,24
F,24
F,24
F,25
F,25
F,25
F,25
F,25
F,25
F,25
F,25
F,25
F,25
F,25
F,25
F,25
F,25
F,25
F,25
F,25
F,25
F,25
F,25
F,25
F,25
F,25
F,25
F,25
F,25
F,25
F,25
F,25
F,25
F,25
F,25
F,25
F,25
F,25
F,25
F,25
F,25
F,25
F,25
F,25
F,25
F,25
F,25
F,25
F,25
F,25
F,25
F,25
F,25
F,25
F,25
F,25
F,26
F,26
F,26
F,26
F,26
F,26
F,26
F,26
F,26
F,26
F,26
F,26
F,26
F,26
F,26
F,26
F,26
M,27
M,27
M,27
M,27
M,27
M,27
M,27
M,27
M,27
M,27
M,27
M,27
M,27
M,27
M,27
M,27
M,27
M,27
M,27
M,27
M,27
M,27
M,27
M,27
M,27
M,27
M,27
M,27
M,27
M,27
M,27
M,27
M,27
M,27
M,27
M,27
M,27
M,27
M,27
M,27
M,27
M,27
M,27
M,27
M,27
M,27
M,27
M,27
M,27
M,27
M,27
M,27
M,27
M,27
M,27
M,27
M,27
,28
,28
,28
,28
,28
,28
,28
,28
,28
,28
,28
,28
,28
,28
,28
,28
,28
,28
,28
,28
,28
,28
F,29
F,29
F,29
F,29
F,29
F,29
F,29
F,29
F,29
F,29
F,29
F,29
F,29
F,29
F,29
F,29
F,29
F,29
F,29
F,29
F,29
F,29
F,29
F,29
F,29
F,29
F,29
F,29
F,29
F,29
F,29
F,29
F,29
F,29
F,29
F,29
F,29
F,29
F,29
F,29
F,29
F,29
F,29
F,29
F,29
F,29
F,29
F,29
F,29
F,29
F,29
F,29
F,29
F,29
F,29
F,29
F,29
F,29
F,29
F,29
F,29
F,29
F,29
F,29
F,29
F,29
F,29
F,29
F,29
F,29
F,29
F,29
F,29
F,29
F,29
F,29
F,29
F,30
F,30
F,30
F,30
F,30
F,30
F,30
F,30
F,30
F,30
F,30
F,30
F,30
F,30
F,30
F,30
F,30
F,30
F,30
F,30
F,30
F,30
F,30
F,30
F,30
F,30
F,30
F,30
F,30
F,30
F,30
F,30
F,30
F,30
F,30
F,30
F,30
F,30
F,30
F,30
F,30
F,30
F,30
F,30
F,30
F,30
F,30
F,30
F,30
F,30
F,30
F,30
F,30
F,30
F,30
F,30
F,30
F,30
F,30
F,30
F,30
F,30
F,30
F,30
F,30
F,30
F,30
F,30
F,30
F,30
F,30
F,30
F,30
F,30
F,30
F,30
F,30
F,30
F,30
F,30
F,30
F,30
F,30
F,30
F,30
F,30
F,30
F,30
F,30
F,30
F,30
F,30
F,30
F,30
F,30
F,30
F,30
F,30
F,30
F,30
F,30
F,30
F,30
F,30
F,30
F,30
F,30
F,30
F,30
F,30
F,30
F,30
F,30
F,30
F,30
F,30
F,30
F,30
F,30
F,30
F,30
F,30
F,30
F,30
F,30
F,30
F,30
F,30
F,30
F,30
F,30
F,30
F,30
F,30
F,30
F,30
F,30
F,30
F,30
F,30
F,30
F,30
F,30
F,30
M,31
M,31
M,31
M,31
M,31
M,31
M,31
M,31
M,31
M,31
M,31
M,31
M,31
M,31
M,31
M,31
M,31
M,31
M,31
M,31
M,31
M,31
M,31
M,31
M,31
M,31
M,31
M,31
M,31
M,31
M,31
M,31
M,31
M,31
M,31
M,31
M,31
M,31
M,31
M,31
M,31
M,31
M,31
M,31
M,31
M,31
M,31
M,31
M,31
M,31
M,31
M,31
M,31
M,31
M,31
M,31
M,31
M,31
M,31
M,31
M,31
M,31
M,31
M,31
M,31
F,32
F,32
F,32
F,32
F,32
F,32
F,32
F,32
F,32
F,32
F,32
F,32
F,32
F,32
F,32
F,32
F,32
F,32
F,32
F,32
F,32
F,32
F,32
F,32
F,32
F,32
F,32
F,32
F,32
F,32
F,32
F,32
F,32
F,32
F,32
F,32
F,32
F,32
F,32
F,32
F,32
F,32
F,32
F,32
F,33
F,33
F,33
F,33
F,33
F,33
F,33
F,33
F,33
F,33
F,33
F,33
F,33
F,33
F,33
F,33
F,33
F,33
F,33
F,33
F,33
F,33
F,33
F,33
F,33
F,33
F,33
F,33
F,33
F,33
F,33
F,33
F,33
F,33
F,33
F,33
F,33
F,33
F,33
F,33
F,33
F,33
F,33
F,33
F,33
F,33
F,33
F,33
F,33
F,33
F,33
F,33
F,33
F,33
F,33
F,33
F,33
F,33
F,33
F,33
F,33
F,33
F,33
F,33
F,33
F,33
F,33
F,33
F,33
F,33
F,33
F,33
F,33
F,33
F,33
F,33
F,33
F,33
F,33
F,33
F,33
F,33
F,33
F,33
F,33
F,33
F,33
F,33
F,33
F,33
F,33
F,33
F,33
F,33
F,33
F,33
F,33
F,33
F,33
F,33
F,33
F,33
F,33
F,33
F,33
F,33
F,33
F,33
F,33
F,33
F,33
F,33
F,33
F,33
F,33
F,33
F,33
F,33
F,33
F,33
F,33
F,33
F,33
F,33
F,33
F,33
F,33
F,33
F,33
F,33
F,33
F,33
F,33
F,33
F,33
F,33
F,33
F,33
F,33
F,33
F,33
F,33
F,33
F,33
F,33
F,33
F,33
F,33
F,33
F,33
F,33
F,33
F,33
F,33
F,33
F,33
F,33
F,33
F,33
F,33
F,33
F,33
F,33
F,33
F,33
F,33
F,33
F,33
F,33
F,33
F,33
F,33
F,33
F,33
F,33
F,33
F,33
F,33
F,33
F,33
F,33
F,33
F,33
F,33
,34
,34
,34
,34
,34
,34
,34
,34
,34
,34
,34
,34
,34
,34
,34
,34
,34
,34
,34
,34
,34
,34
,34
,34
,34
,34
,34
,34
,34
,34
,34
,34
,34
,34
,34
,34
,34
,34
,34
,34
,34
,34
,34
,34
,34
,34
,34
,34
,34
,34
,34
,34
,34
,34
,34
,34
,34
,34
,34
,34
,34
,34
,34
,34
,34
,34
,34
,34
,34
,34
,34
,34
,34
,34
,34
,34
,34
,34
F,35
F,35
F,35
F,35
F,35
F,35
F,35
F,35
F,35
F,35
F,35
F,35
F,35
F,35
F,35
F,35
F,35
F,35
F,35
F,35
F,35
F,35
F,35
F,35
F,35
F,35
F,35
F,35
F,35
F,35
F,35
F,35
F,35
F,35
F,35
F,35
F,35
F,35
F,35
F,35
F,35
F,35
M,36
M,36
M,36
M,36
M,36
M,36
M,36
M,36
M,36
M,36
M,36
M,36
M,36
M,36
M,36
M,36
M,36
M,36
M,36
M,36
M,36
M,36
M,36
M,36
M,36
M,36
M,36
M,36
M,36
M,36
M,36
M,36
M,36
M,36
M,36
M,36
M,36
M,36
M,36
M,36
M,36
M,36
M,36
M,36
M,36
M,36
M,36
M,36
M,36
M,36
M,36
M,36
M,36
M,36
M,36
M,36
M,36
M,36
M,36
M,36
M,36
M,36
M,36
M,36
M,36
M,36
M,36
M,36
M,36
M,36
M,36
M,36
M,37
M,37
M,37
M,37
M,37
M,37
M,37
M,37
M,37
M,37
M,37
M,37
M,37
M,37
M,37
M,37
M,37
M,37
M,37
M,37
M,37
M,37
M,37
M,37
M,37
M,37
M,37
M,37
M,37
M,37
M,37
M,37
M,37
M,37
M,37
M,37
M,37
M,37
M,37
M,37
M,37
M,37
M,37
M,37
M,37
M,37
M,37
M,37
M,37
M,37
M,37
M,37
M,37
M,37
M,37
M,37
M,37
M,37
M,37
M,37
M,37
M,37
M,37
M,37
M,37
M,37
M,37
M,37
M,37
M,37
M,37
M,37
M,37
M,37
M,37
M,38
M,38
M,38
M,38
M,38
M,38
M,38
M,38
M,38
M,38
M,38
M,38
M,38
M,38
M,38
M,38
M,38
M,38
M,38
M,38
M,38
M,38
M,38
M,38
M,38
M,38
M,38
M,38
M,38
M,38
M,38
F,39
F,39
F,39
F,39
F,39
F,39
F,39
F,39
F,39
F,39
F,39
F,39
F,39
F,39
F,39
F,39
F,39
F,39
F,39
F,39
F,39
F,39
F,40
F,40
F,40
F,40
F,40
F,40
F,40
F,40
F,40
F,40
F,40
F,40
F,40
F,40
F,40
F,40
F,40
F,40
F,40
F,40
F,40
F,40
F,40
F,40
F,40
F,40
F,40
F,40
F,40
F,40
F,40
F,40
F,40
F,40
F,40
F,40
F,40
F,40
F,40
F,40
F,40
F,40
F,40
F,40
F,40
F,40
F,40
F,40
F,40
F,40
F,40
F,40
F,40
F,40
F,40
F,40
F,40
F,40
F,40
F,40
F,40
F,40
F,40
F,40
F,40
F,40
F,40
F,40
F,40
F,40
F,40
F,40
F,40
F,40
F,40
F,40
F,40
F,40
F,40
F,40
F,40
F,40
F,40
F,40
F,40
F,40
F,40
F,40
F,40
F,40
F,40
F,40
F,40
F,40
F,40
F,40
F,40
F,40
F,40
F,40
F,40
F,40
F,40
F,40
F,40
F,40
F,41
F,41
F,41
F,41
F,41
F,41
F,41
F,41
F,41
F,41
F,41
F,41
F,41
F,41
F,41
F,41
F,41
F,41
F,41
F,41
F,41
F,41
F,41
F,41
F,41
F,41
F,41
F,41
F,41
F,41
F,41
F,41
F,41
F,41
F,41
F,41
F,41
F,41
F,41
F,41
F,41
F,41
F,41
F,41
F,41
F,41
F,41
F,41
F,41
F,41
F,41
F,41
F,41
F,41
F,41
F,41
F,41
F,41
F,41
,42
,42
,42
,42
,42
,42
,42
,42
,42
,42
,42
,42
,42
,42
,42
,42
,42
,42
,42
,42
,42
,42
,42
,42
,42
,42
,42
,42
,42
,42
,42
,42
,42
,42
,42
,42
,42
,42
,42
,42
,42
,42
,42
,42
,42
,42
,42
,42
,42
,42
,42
,42
,42
,42
,42
,42
,42
,42
,42
,42
,42
,42
,42
,42
,42
,42
,42
M,43
M,43
M,43
M,43
M,43
M,43
M,43
M,43
M,43
M,43
M,43
M,43
M,43
M,43
M,43
M,43
M,43
M,43
M,43
M,43
M,43
M,43
M,43
M,43
M,43
M,43
M,43
M,43
M,43
M,44
M,44
M,44
M,44
M,44
M,44
M,44
M,44
M,44
M,44
M,44
M,44
M,44
M,44
M,44
M,44
M,44
M,44
M,44
M,44
M,44
M,44
M,44
M,44
M,44
M,44
M,44
M,44
M,44
M,44
M,44
M,44
M,44
M,44
M,44
M,44
M,44
M,44
M,44
M,44
M,44
M,44
M,44
M,45
M,45
M,45
M,45
M,45
M,45
M,45
M,45
M,45
M,45
M,45
M,45
M,45
M,45
M,45
M,45
M,45
M,45
M,45
M,45
M,45
M,45
M,45
M,45
M,45
M,45
M,45
M,45
M,45
M,45
M,45
M,45
M,45
M,45
M,45
M,45
M,45
M,45
M,45
M,45
M,45
M,45
M,45
M,45
M,45
M,45
M,45
M,45
M,45
M,46
M,46
M,46
M,46
M,46
M,46
M,46
M,46
M,46
M,46
M,46
M,46
M,46
M,46
M,46
M,46
M,46
M,46
M,46
M,46
M,46
M,46
M,46
M,46
M,46
M,46
M,46
M,46
M,46
M,46
M,46
M,46
M,46
M,46
M,46
M,46
M,46
M,46
M,46
M,46
M,46
M,46
M,46
M,46
M,46
M,46
M,46
M,46
M,46
M,46
M,46
M,46
M,46
M,46
M,46
M,46
M,46
M,46
M,46
M,46
M,46
M,46
M,46
M,46
M,46
M,46
M,46
M,46
M,46
M,46
M,46
M,46
M,46
M,46
M,46
M,46
M,46
M,46
M,46
M,46
M,46
M,46
M,46
M,46
M,46
M,46
M,46
M,46
M,46
M,46
M,46
M,46
M,46
M,46
M,46
M,46
M,46
M,46
M,46
M,46
M,46
M,46
M,46
M,46
M,46
M,46
M,46
M,46
M,46
M,46
M,46
M,46
M,46
M,46
M,46
M,46
M,46
M,46
M,46
M,46
M,46
M,46
M,46
M,46
M,46
M,46
M,46
M,46
M,46
M,46
M,46
M,46
M,46
M,46
M,46
M,46
M,46
M,46
M,46
M,46
M,46
M,46
M,46
M,46
M,46
M,46
M,46
M,46
M,46
M,46
M,46
M,46
M,46
M,46
M,46
M,46
M,46
M,46
M,46
M,46
M,46
M,46
M,46
M,46
M,46
M,46
M,46
M,46
M,46
M,46
M,46
M,46
M,46
M,46
M,46
M,46
M,46
M,46
M,46
M,46
M,46
M,46
M,46
M,46
M,46
M,46
M,46
M,46
M,46
M,46
M,46
M,46
M,46
M,46
M,46
M,46
M,46
M,46
M,46
M,46
M,46
M,46
M,46
M,46
M,46
M,46
M,46
M,46
M,46
M,46
M,46
M,46
M,46
M,46
M,46
M,46
M,46
M,46
M,46
M,46
M,46
M,46
M,46
M,46
M,46
M,46
M,46
M,46
M,46
M,46
M,46
M,46
M,46
M,46
M,46
M,46
M,46
M,46
M,46
M,46
M,46
M,46
M,46
M,46
M,46
M,46
M,46
M,46
M,46
M,46
M,46
M,46
M,46
M,46
M,46
M,46
M,46
M,46
M,46
M,47
M,47
M,47
M,47
M,47
M,47
M,47
M,47
M,47
M,47
M,47
M,47
M,47
M,47
M,47
M,47
M,47
M,47
M,47
M,47
M,47
M,47
M,47
M,47
M,47
M,47
M,47
M,47
M,47
M,47
M,47
M,47
M,47
M,47
M,47
M,47
M,47
M,47
M,47
M,47
M,47
M,47
M,47
M,47
M,47
M,47
M,47
M,47
M,47
M,47
M,47
M,47
M,47
M,47
M,47
M,47
M,47
M,47
M,48
M,48
M,48
M,48
M,48
M,48
M,48
M,48
M,48
M,48
M,48
M,48
M,48
M,48
M,48
M,48
M,48
M,48
M,48
M,48
M,48
M,48
M,48
M,48
M,48
M,48
M,48
M,48
M,48
M,48
M,48
M,48
M,48
M,48
M,48
M,48
M,48
M,48
M,48
M,48
M,48
M,48
M,48
M,48
M,48
M,48
M,48
M,48
M,48
M,48
M,48
M,48
M,48
M,48
M,48
M,48
M,48
M,48
M,48
M,48
M,48
M,48
M,48
M,48
M,48
M,48
M,48
M,48
M,48
M,48
M,48
M,48
M,48
M,48
M,48
M,48
M,48
M,48
M,48
M,48
M,48
,49
,49
,49
,49
,49
,49
,49
,49
,49
,49
,49
,49
,49
,49
,49
,49
,49
M,50
M,50
M,50
M,50
M,50
M,50
M,50
M,50
M,50
M,50
M,50
M,50
M,50
M,50
M,50
M,50
M,50
M,50
M,50
M,50
M,50
M,50
M,50
M,51
M,51
M,51
M,51
M,51
M,51
M,51
M,51
M,51
M,51
M,51
M,51
M,51
M,51
M,51
M,51
M,51
M,51
M,51
M,51
M,51
M,51
M,51
M,51
M,51
M,51
M,51
M,51
M,51
M,51
M,51
M,51
M,51
M,51
M,51
M,51
M,51
M,51
M,51
M,51
M,51
M,51
M,51
M,51
M,51
M,51
M,51
M,51
M,51
M,51
M,51
M,51
M,51
M,52
M,52
M,52
M,52
M,52
M,52
M,52
M,52
M,52
M,52
M,52
M,52
M,52
M,52
M,52
M,52
M,52
M,52
M,52
M,52
M,52
M,52
M,52
M,52
M,52
M,52
M,53
M,53
M,53
M,53
M,53
M,53
M,53
M,53
M,53
M,53
M,53
M,53
M,53
M,53
M,53
M,53
M,53
M,53
M,53
M,53
M,53
M,53
M,53
M,53
M,53
M,53
M,53
M,53
M,53
M,53
M,53
M,53
M,53
M,53
M,53
M,53
M,53
M,53
M,53
M,53
M,53
M,53
M,53
M,53
M,53
M,53
M,53
M,53
M,53
M,53
M,53
M,53
M,53
M,53
M,53
M,53
M,53
M,53
M,53
M,53
M,53
M,53
M,53
M,53
M,53
M,53
M,53
M,53
M,53
M,53
M,53
M,53
M,54
M,54
M,54
M,54
M,54
M,54
M,54
M,54
M,54
M,54
M,54
M,54
M,54
M,54
M,54
M,54
M,54
M,54
M,54
M,54
M,54
M,54
M,54
M,54
M,54
M,54
M,54
M,54
M,54
M,54
M,54
M,54
M,54
M,54
M,54
M,54
M,54
M,54
M,54
M,54
M,54
M,54
M,54
M,54
M,54
M,54
M,54
M,54
M,54
M,54
M,54
M,54
M,54
M,54
M,54
M,54
M,54
M,54
M,54
M,54
M,54
M,54
M,54
M,54
M,54
M,54
M,54
M,54
M,54
M,54
M,54
M,54
M,54
M,54
M,54
M,54
M,54
M,54
F,55
F,55
F,55
F,55
F,55
F,55
F,55
F,55
F,55
F,55
F,55
F,55
F,55
F,55
F,55
F,55
F,55
F,55
F,55
F,55
F,55
F,55
F,55
F,55
F,55
F,56
F,56
F,56
F,56
F,56
F,56
F,56
F,56
F,56
F,56
F,56
F,56
F,56
F,56
F,56
F,56
F,56
F,56
F,56
F,56
F,56
F,56
F,56
F,56
F,56
F,56
F,56
F,56
F,56
F,56
F,56
F,56
F,56
F,56
F,56
F,56
F,56
F,56
F,56
F,56
F,56
F,56
F,56
F,56
F,56
F,56
F,56
F,56
F,56
F,56
F,56
F,56
F,56
F,56
F,56
F,56
F,56
F,56
F,56
F,56
F,56
F,56
M,57
M,57
M,57
M,57
M,57
M,57
M,57
M,57
M,57
M,57
M,57
M,57
M,57
M,57
M,57
M,57
M,57
M,57
M,57
M,57
M,57
M,57
M,57
M,57
M,57
M,57
M,57
M,57
M,57
M,57
M,57
M,57
M,57
M,57
M,57
M,57
M,57
M,57
M,57
M,57
M,57
M,57
M,57
M,57
M,57
M,57
M,57
M,57
M,57
M,57
M,57
M,57
M,57
M,57
M,57
M,57
M,57
M,57
M,57
M,57
M,57
M,57
M,57
M,57
M,57
M,57
M,57
M,57
M,57
M,57
M,57
M,57
M,57
M,57
M,57
M,57
M,57
M,57
M,57
M,57
M,57
M,57
M,57
M,57
M,57
M,57
M,57
M,57
M,57
M,57
M,57
M,57
M,57
M,57
M,57
M,57
M,57
M,57
M,57
M,57
M,57
M,57
M,57
,58
,58
,58
,58
,58
,58
,58
,58
,58
,58
,58
,58
,58
,58
,58
,58
,58
,58
,58
,58
,58
,58
,58
,58
,58
,58
,58
,58
,58
,58
,58
,58
,58
,58
,58
,58
,58
,58
,58
,58
,58
,58
,58
,58
,58
,58
,58
,58
,58
,58
,58
,58
,58
,58
,58
,58
,58
,58
M,59
M,59
M,59
M,59
M,59
M,59
M,59
M,59
M,59
M,59
M,59
M,59
M,59
M,59
M,59
M,59
M,59
M,59
M,59
M,59
M,59
M,59
M,59
F,60
F,60
F,60
F,60
F,60
F,60
F,60
F,60
F,60
F,60
F,60
F,60
F,60
F,60
F,60
F,60
F,60
F,60
F,60
F,60
F,60
F,60
F,60
F,60
F,60
F,60
F,60
F,60
F,60
F,60
F,60
F,60
F,60
F,60
F,60
F,60
F,60
F,60
F,60
F,60
F,60
F,60
F,60
F,60
F,60
F,60
F,60
F,60
F,60
F,60
F,60
F,60
F,60
F,60
F,60
F,60
F,60
F,60
F,60
F,60
F,60
F,60
F,60
F,60
F,60
F,60
F,60
F,60
F,60
F,60
F,60
F,60
F,60
,61
,61
,61
,61
,61
,61
,61
,61
,61
,61
,61
,61
,61
,61
,61
,61
,61
,61
,61
,61
,61
,61
,61
,61
,61
,61
,61
,61
,61
,61
,61
,61
,61
,61
,61
,61
,61
,61
,61
,61
,61
,61
,61
,61
,61
,61
,61
,61
,61
,61
,61
,61
,61
,61
,61
,61
,61
,61
,61
,61
,61
,61
,61
,61
,61
,61
,61
,61
,61
,61
,61
,61
,61
,61
,61
,61
,61
,61
,61
,61
,61
,61
,61
,61
,61
,61
,61
,61
,61
,61
,61
,61
,61
,61
,61
,61
,61
,61
,61
,61
,61
,61
,61
,61
,61
,61
,61
,61
,61
,61
,61
,61
,61
,61
,61
,61
,61
,61
,61
,61
,61
,61
,61
,61
,61
,61
,61
M,62
M,62
M,62
M,62
M,62
M,62
M,62
M,62
M,62
M,62
M,62
M,62
M,62
M,62
M,62
M,62
M,62
M,62
M,62
M,62
M,62
M,62
M,62
M,62
M,62
M,62
M,62
M,62
M,62
M,62
M,62
M,62
M,62
M,62
M,62
M,62
M,62
M,62
M,62
M,62
M,62
F,63
F,63
F,63
F,63
F,63
F,63
F,63
F,63
F,63
F,63
F,63
F,63
F,63
F,63
F,63
F,63
F,63
F,63
F,63
F,63
F,63
F,63
F,63
F,63
F,63
F,63
F,63
F,63
F,63
F,63
F,63
F,63
F,63
F,63
F,63
F,63
F,63
F,63
F,63
F,63
F,63
F,63
F,63
F,63
F,63
F,63
F,63
F,63
F,63
F,63
F,63
F,63
F,63
F,63
F,63
F,63
F,63
F,63
F,63
F,63
F,63
F,63
F,63
F,63
F,63
F,63
F,63
F,63
F,63
F,63
F,63
F,63
F,63
F,63
F,63
F,63
F,63
F,63
F,63
F,63
F,63
F,63
F,63
F,63
F,63
F,63
F,63
F,63
F,63
F,63
M,64
M,64
M,64
M,64
M,64
M,64
M,64
M,64
M,64
M,64
M,64
M,64
M,64
M,64
M,64
M,64
M,64
M,64
M,64
M,64
M,64
M,64
M,64
M,64
M,64
M,64
M,64
M,64
M,64
M,64
M,64
M,64
M,64
M,64
M,64
M,64
M,64
M,64
M,64
M,64
M,64
M,64
M,64
M,64
M,64
M,64
M,64
M,64
M,64
M,64
M,64
M,64
M,64
M,64
M,64
M,64
M,64
M,64
M,64
M,64
M,64
M,64
M,64
M,64
M,64
M,64
M,64
M,64
M,64
M,64
M,64
M,64
M,64
M,64
M,64
M,64
M,64
M,64
M,64
M,64
M,64
M,64
M,64
M,64
M,64
M,64
M,64
M,64
M,64
M,64
M,64
M,64
M,64
M,64
M,64
M,64
M,64
M,64
M,64
M,64
M,64
M,64
M,64
M,64
M,64
M,64
M,64
M,64
M,64
M,64
M,64
M,64
M,64
M,64
M,64
M,64
M,64
M,64
M,64
M,64
M,64
M,64
M,64
M,64
M,64
M,64
M,64
M,64
M,64
M,64
M,64
M,64
M,64
M,64
M,64
M,64
M,64
M,64
M,64
M,64
M,64
M,64
M,64
M,64
M,64
M,64
M,64
M,64
M,64
M,64
M,64
M,64
M,64
M,64
M,64
M,64
M,64
M,64
M,64
M,64
M,64
M,64
M,64
M,64
M,64
M,64
M,64
M,64
M,64
M,64
M,64
M,64
M,64
M,64
M,64
M,64
M,64
M,64
M,64
M,64
M,64
M,64
M,64
M,64
M,64
M,64
M,64
M,64
M,65
M,65
M,65
M,65
M,65
M,65
M,65
M,65
M,65
M,65
M,65
M,65
M,65
M,65
M,65
M,65
M,65
M,65
M,65
M,65
M,65
M,65
M,65
M,65
M,65
M,65
M,65
M,65
M,65
M,65
M,65
M,65
M,65
M,65
M,65
M,65
M,65
M,65
M,65
M,65
M,65
M,65
M,65
M,65
M,65
M,65
M,65
M,65
M,65
M,65
M,65
M,65
M,65
M,65
M,65
M,65
M,65
M,65
M,65
M,65
M,65
M,65
M,65
M,65
M,65
M,65
M,65
M,65
M,65
M,65
M,65
M,65
M,65
M,65
M,65
M,65
M,65
M,65
M,65
M,65
M,65
M,65
M,65
M,65
M,65
M,65
M,65
M,65
M,65
M,65
M,65
M,65
M,65
M,65
M,65
M,65
M,65
M,65
M,65
M,65
M,65
M,65
M,65
M,65
M,65
M,65
M,65
M,65
M,65
M,65
M,65
M,65
M,65
M,65
M,65
M,65
M,65
M,65
M,65
M,65
M,65
M,65
M,65
M,65
M,65
M,65
M,65
M,65
M,65
M,65
M,65
M,65
M,65
M,65
M,65
M,65
M,65
M,65
M,65
M,65
M,65
M,65
M,65
M,65
M,65
M,65
M,65
M,65
M,65
M,65
M,65
M,65
M,65
M,65
M,65
M,65
M,65
M,65
M,65
M,65
M,65
M,65
M,65
M,65
M,65
M,65
M,65
M,65
M,65
M,65
M,65
M,65
M,65
M,65
M,65
M,65
M,65
M,65
M,65
M,65
M,65
M,65
M,65
M,65
M,65
M,65
M,65
M,65
M,65
M,65
M,65
M,65
M,65
M,65
M,65
M,65
M,65
M,65
M,65
M,65
M,65
M,65
M,65
M,65
M,65
M,65
M,65
M,65
M,65
M,65
M,65
M,65
M,65
M,65
M,65
M,65
M,65
M,65
M,65
M,65
M,65
M,65
M,65
M,65
M,65
M,65
M,65
M,65
M,65
M,65
M,65
M,65
M,65
M,65
M,65
M,65
M,65
M,65
M,65
M,65
M,65
M,65
M,65
M,65
M,65
M,65
M,65
M,65
M,65
M,65
M,65
M,65
M,65
M,65
M,66
M,66
M,66
M,66
M,66
M,66
M,66
M,66
M,66
M,66
M,66
M,66
M,66
M,66
M,66
M,66
M,66
M,66
M,66
M,66
M,66
M,66
M,66
M,66
M,66
M,66
M,66
M,66
M,66
M,66
M,66
M,66
M,66
M,66
M,66
M,66
M,66
M,66
M,66
M,66
M,66
M,66
M,66
M,66
M,66
M,66
M,66
M,66
M,66
M,66
M,66
M,66
M,66
M,66
M,66
M,66
M,66
M,66
M,66
M,66
M,66
M,66
M,66
M,66
M,66
M,66
M,66
M,66
M,66
M,66
M,66
M,66
M,66
M,67
M,67
M,67
M,67
M,67
M,67
M,67
M,67
M,67
M,67
M,67
M,67
M,67
M,67
M,67
M,67
M,67
M,67
M,67
M,67
M,67
M,67
M,67
M,67
M,67
M,67
M,67
M,67
M,67
M,67
M,67
M,67
M,67
M,67
M,67
M,67
M,67
M,67
M,67
M,67
M,68
M,68
M,68
M,68
M,68
M,68
M,68
M,68
M,68
M,68
M,68
M,68
M,68
M,68
M,68
M,68
M,68
M,68
M,68
M,68
M,68
M,68
M,68
M,68
M,68
M,68
M,68
M,68
M,68
M,68
M,68
M,68
M,68
M,68
M,68
M,68
M,68
M,68
M,68
M,68
M,68
M,69
M,69
M,69
M,69
M,69
M,69
M,69
M,69
M,69
M,69
M,69
M,69
M,69
M,69
M,69
M,69
M,69
M,69
M,69
M,69
M,69
M,69
M,69
M,69
M,69
M,69
M,69
M,69
M,69
M,69
M,69
M,69
M,69
M,69
M,69
M,69
M,69
M,69
M,69
M,69
M,69
M,69
M,69
M,69
M,69
M,69
M,69
M,69
M,69
M,69
M,69
M,69
M,69
M,69
M,69
M,69
M,69
M,69
M,69
M,69
M,69
M,69
M,69
M,69
M,69
M,69
M,69
M,69
M,69
M,69
M,69
M,69
M,69
M,69
M,69
M,69
M,69
M,69
M,69
M,69
M,69
M,69
M,69
M,69
M,69
M,69
M,69
M,69
M,69
M,69
M,69
M,69
M,69
M,69
M,69
M,69
M,69
M,69
M,69
M,69
M,69
M,69
M,69
M,69
M,69
M,69
M,69
M,69
M,69
M,69
M,69
M,69
M,69
M,69
M,69
M,69
M,69
M,69
M,69
M,69
M,69
M,69
M,69
M,69
M,69
M,69
M,69
M,69
M,69
M,69
M,69
M,69
M,69
M,69
M,69
M,69
M,69
M,69
M,69
M,69
M,69
M,69
M,69
M,69
M,69
M,69
M,69
M,69
M,69
M,69
M,69
M,69
M,69
M,69
M,69
M,69
M,69
M,69
M,69
M,69
M,69
M,69
M,69
M,69
M,69
M,69
M,69
M,69
M,69
M,69
M,69
M,69
M,69
M,69
M,69
M,69
M,69
M,69
M,69
M,69
M,69
M,69
M,69
M,69
M,69
M,69
M,69
M,69
M,69
M,69
M,69
M,69
M,69
M,69
M,69
M,69
M,69
M,69
M,69
M,69
M,69
M,69
M,69
M,69
M,69
M,69
M,69
M,69
M,69
M,69
M,69
M,69
M,69
M,69
M,69
M,69
M,69
M,69
M,69
M,69
M,69
M,69
M,69
M,69
M,69
M,69
M,69
M,69
M,69
M,69
M,69
M,69
M,69
M,69
M,69
M,69
M,69
M,69
M,69
M,69
M,69
M,69
M,69
M,69
M,69
M,69
M,69
M,69
M,69
M,69
F,70
F,70
F,70
F,70
F,70
F,70
F,70
F,70
F,70
F,70
F,70
F,70
F,70
F,70
F,70
F,70
F,70
F,70
F,70
F,70
F,70
F,70
F,70
F,70
M,71
M,71
M,71
M,71
M,71
M,71
M,71
M,71
M,71
M,71
M,71
M,71
M,71
M,71
M,71
M,71
M,71
M,71
M,71
M,71
M,71
M,71
M,71
M,71
M,71
M,71
M,71
M,71
M,71
M,71
M,71
M,71
M,71
M,71
M,71
M,71
M,71
M,71
M,71
M,71
F,72
F,72
F,72
F,72
F,72
F,72
F,72
F,72
F,72
F,72
F,72
F,72
F,72
F,72
F,72
F,72
F,72
F,72
F,72
F,72
F,72
F,72
F,72
F,72
F,72
F,72
F,72
F,72
F,72
F,72
F,72
F,72
F,72
F,72
F,72
F,72
F,72
F,72
F,72
F,72
F,72
F,72
F,72
F,72
F,72
F,72
F,72
F,72
F,72
F,72
F,72
F,72
F,72
F,72
F,72
F,72
F,72
F,72
F,72
F,72
F,72
F,72
F,72
F,72
F,72
F,72
F,72
F,72
F,72
F,72
F,72
F,72
F,72
F,72
F,72
F,72
F,72
F,72
F,72
F,72
F,72
F,72
F,72
F,72
F,72
F,72
F,72
F,72
F,72
F,72
F,72
F,72
F,72
F,72
F,72
F,72
F,72
F,72
F,72
F,72
F,72
F,72
F,72
F,72
F,72
F,72
F,72
F,72
F,72
F,72
F,72
F,72
F,72
F,72
F,72
F,72
F,72
F,72
F,72
F,72
F,72
F,72
F,72
F,72
F,72
F,72
F,72
F,72
F,72
F,72
F,72
F,72
F,72
F,72
F,73
F,73
F,73
F,73
F,73
F,73
F,73
F,73
F,73
F,73
F,73
F,73
F,73
F,73
F,73
F,73
F,73
F,73
F,73
F,73
F,73
F,73
F,73
F,73
F,73
F,73
M,74
M,74
M,74
M,74
M,74
M,74
M,74
M,74
M,74
M,74
M,74
M,74
M,74
M,74
M,74
M,74
M,74
M,74
M,74
M,74
M,74
M,74
M,74
M,74
M,74
M,74
M,74
M,74
M,74
M,74
M,74
M,74
M,74
M,74
M,74
M,74
M,74
M,74
M,74
M,74
M,74
M,74
M,74
M,74
M,74
M,74
M,74
M,74
M,74
M,74
M,74
M,74
M,74
M,74
F,75
F,75
F,75
F,75
F,75
F,75
F,75
F,75
F,75
F,75
F,75
F,75
F,75
F,75
F,75
F,75
F,75
F,75
F,75
F,75
F,75
F,75
F,75
F,75
F,75
F,75
F,75
F,75
F,75
F,75
F,75
F,75
F,75
F,75
F,75
F,75
F,75
F,75
F,75
F,75
F,75
F,75
F,75
F,75
F,75
F,75
F,75
F,75
F,75
F,75
F,75
F,75
F,75
F,75
F,75
F,75
F,75
F,75
F,75
F,75
F,75
F,75
F,75
F,75
F,75
F,75
F,75
F,75
F,75
F,75
F,75
F,75
F,75
F,75
F,75
F,75
F,75
F,75
F,75
F,75
F,75
F,75
F,75
F,75
F,75
F,75
F,75
F,75
F,75
F,75
F,75
F,75
F,75
F,75
F,75
F,75
F,75
F,75
M,76
M,76
M,76
M,76
M,76
M,76
M,76
M,76
M,76
M,76
M,76
M,76
M,76
M,76
M,76
M,76
M,76
M,76
M,76
M,76
M,76
M,76
M,76
M,76
M,76
M,76
M,76
M,76
M,76
M,76
M,76
M,76
M,76
M,76
M,76
M,76
M,76
M,76
M,76
M,76
M,76
M,76
M,77
M,77
M,77
M,77
M,77
M,77
M,77
M,77
M,77
M,77
M,77
M,77
M,77
M,77
M,77
M,77
M,77
M,77
M,77
M,77
M,77
M,77
M,77
M,77
M,77
M,77
M,77
M,77
M,77
M,77
M,77
M,77
M,77
M,77
M,77
M,77
M,77
M,77
M,77
M,77
M,77
M,77
M,77
M,77
M,77
M,77
M,77
M,77
M,77
M,77
M,77
M,77
M,77
M,77
M,77
M,77
M,77
M,77
M,77
M,77
M,77
M,77
M,77
M,77
M,77
M,77
M,77
M,77
M,77
M,77
M,77
M,77
M,77
M,77
M,77
M,77
M,77
M,77
M,77
M,77
M,77
M,77
M,77
M,77
M,77
M,77
M,77
M,77
M,77
M,77
M,77
M,77
M,77
M,77
M,77
M,77
M,77
M,78
M,78
M,78
M,78
M,78
M,78
M,78
M,78
M,78
M,78
M,78
M,78
M,78
M,78
M,78
M,78
M,78
M,78
M,78
M,78
M,78
M,78
M,78
M,78
M,78
M,78
M,78
M,78
M,78
M,78
M,78
M,78
M,78
M,78
M,78
M,78
M,78
M,78
M,78
M,78
M,78
M,78
M,78
M,78
M,78
M,78
M,78
M,78
M,78
M,78
M,78
M,78
M,78
M,78
M,78
M,78
M,78
M,78
M,78
M,78
M,78
M,78
M,78
M,78
M,78
M,78
M,78
M,78
M,78
M,78
M,78
M,78
M,78
M,78
M,78
M,78
M,78
M,78
M,78
M,78
M,78
M,78
M,78
M,78
M,78
M,78
M,78
M,78
M,78
M,78
M,78
M,78
M,78
M,78
M,78
M,78
M,78
M,78
M,78
M,78
M,78
M,78
M,78
M,78
M,78
M,78
M,78
M,78
M,78
M,78
M,78
M,78
M,78
M,78
M,78
M,78
M,78
M,78
M,78
M,78
M,78
M,78
M,78
M,78
M,78
M,78
M,78
M,78
M,78
M,78
M,78
M,78
M,78
M,78
M,78
M,78
M,78
M,78
M,78
M,78
M,78
M,78
M,78
M,78
M,78
M,78
M,78
M,78
M,78
M,78
M,78
M,78
M,78
M,78
M,78
M,78
M,78
M,78
M,78
M,78
M,78
M,78
M,78
M,78
M,78
M,78
M,78
M,78
M,78
M,78
M,78
M,78
M,78
M,78
M,78
M,78
M,78
M,78
M,78
M,78
M,78
M,78
M,78
M,78
M,78
M,78
M,78
M,78
M,78
M,78
M,78
M,78
M,78
M,78
M,78
M,78
M,78
M,78
M,78
M,78
M,78
M,79
M,79
M,79
M,79
M,79
M,79
M,79
M,79
M,79
M,79
M,79
M,79
M,79
M,79
M,79
M,79
M,79
M,79
M,79
M,79
M,79
M,79
M,79
M,79
M,79
M,79
M,79
M,79
M,79
M,79
M,79
M,79
M,79
M,79
M,79
M,79
M,79
M,79
M,79
M,79
M,79
M,79
M,79
M,79
M,79
M,79
M,79
M,79
M,79
M,79
M,79
M,79
M,79
M,79
M,79
M,79
M,79
M,79
M,79
M,79
M,79
M,79
M,79
M,79
M,79
M,79
M,79
M,79
M,79
M,79
M,79
M,79
M,79
M,79
M,79
M,79
M,79
M,79
M,79
M,79
M,79
M,79
M,79
M,79
M,79
M,79
M,79
M,79
M,79
M,79
M,79
M,79
M,79
M,79
M,79
M,79
M,79
M,79
M,79
M,79
M,79
M,79
M,79
M,79
M,79
M,79
M,79
M,79
M,79
M,79
M,79
M,79
M,79
M,79
M,79
M,79
M,79
M,79
M,79
M,79
M,79
M,79
M,79
M,79
M,79
M,79
M,79
M,79
M,79
M,79
M,79
M,79
M,79
M,79
M,79
M,79
M,79
M,79
M,79
M,79
M,79
M,79
M,79
M,79
M,79
M,79
M,79
M,79
M,79
M,79
M,79
M,79
M,79
M,79
M,79
M,79
M,79
M,79
M,79
M,79
M,79
M,79
M,79
M,79
M,79
M,79
M,79
M,79
M,79
M,79
M,79
M,79
M,79
M,79
M,79
M,79
M,79
M,79
M,79
M,79
M,79
M,79
M,79
M,79
M,79
M,79
M,79
M,79
M,79
M,79
M,79
M,79
M,79
M,79
M,79
M,79
M,79
M,79
M,79
M,79
M,79
M,79
M,79
M,79
M,79
M,79
M,79
M,79
M,79
M,79
M,79
M,79
M,79
M,79
M,79
M,79
M,79
M,79
M,79
M,79
M,79
M,79
M,79
M,79
M,79
M,79
M,79
M,79
M,79
M,79
M,79
M,79
M,79
M,79
M,79
M,79
M,79
M,79
M,79
M,79
M,79
M,79
M,79
M,79
M,79
M,79
M,79
M,79
M,79
M,79
M,79
M,79
M,79
M,79
M,79
M,79
M,79
M,79
M,79
M,79
M,79
M,79
M,79
M,79
M,79
M,79
M,79
M,79
M,79
M,79
M,79
F,80
F,80
F,80
F,80
F,80
F,80
F,80
F,80
F,80
F,80
F,80
F,80
F,80
F,80
F,80
F,80
F,80
F,80
F,80
F,80
F,80
F,80
F,80
F,80
F,80
F,80
F,80
F,80
F,80
F,80
F,80
F,80
F,80
F,80
F,80
F,80
F,80
F,80
F,80
F,80
F,80
F,80
F,80
F,80
F,80
F,80
F,80
F,80
F,80
F,80
F,80
F,80
F,80
F,80
F,80
F,80
F,80
F,80
F,80
F,80
F,80
F,80
F,80
F,80
F,80
F,80
F,80
F,80
F,80
F,80
F,80
F,80
F,80
F,80
F,80
F,80
F,80
F,80
F,80
F,80
F,80
F,80
F,80
F,80
F,80
F,80
F,80
M,81
M,81
M,81
M,81
M,81
M,81
M,81
M,81
M,81
M,81
M,81
M,81
M,81
M,81
M,81
M,81
M,81
M,81
M,81
M,81
M,81
M,81
M,81
M,81
M,81
M,81
M,81
M,81
M,81
M,81
M,81
M,81
M,81
M,81
M,81
M,81
M,81
M,81
M,81
M,81
M,81
M,81
M,81
M,81
M,81
M,81
M,81
M,81
M,81
M,81
M,81
M,81
M,81
M,81
M,81
M,81
M,81
M,81
M,81
M,81
M,81
M,81
M,81
M,81
M,81
M,81
M,81
M,81
M,81
M,81
M,81
M,81
M,81
M,81
M,81
M,82
M,82
M,82
M,82
M,82
M,82
M,82
M,82
M,82
M,82
M,82
M,82
M,82
M,82
M,82
M,82
M,82
M,82
M,82
M,82
M,82
M,82
M,82
M,82
M,82
M,82
M,82
M,82
M,82
M,82
M,82
M,82
M,82
M,82
M,82
M,82
M,82
M,82
M,82
M,82
M,82
M,82
M,82
M,82
M,82
M,82
M,82
M,82
M,82
M,82
M,82
M,82
M,82
M,82
M,82
M,82
M,82
M,82
M,82
M,82
M,82
M,82
M,82
M,82
M,82
M,82
M,82
M,82
M,82
M,82
M,82
M,82
M,82
M,82
M,82
M,82
M,82
M,82
M,82
M,82
M,82
M,82
M,82
M,82
M,82
M,82
M,82
M,82
M,82
M,82
M,82
M,82
M,82
M,82
M,82
M,82
M,82
M,82
M,82
M,82
M,82
M,82
M,82
M,82
M,82
M,82
M,82
M,82
M,82
M,83
M,83
M,83
M,83
M,83
M,83
M,83
M,83
M,83
M,83
M,83
M,83
M,83
M,83
M,83
M,83
M,83
M,83
M,83
M,83
M,83
M,83
M,83
M,83
M,83
M,83
M,83
M,83
M,83
M,83
M,83
M,83
M,83
M,83
M,83
M,83
M,83
M,83
M,83
M,83
M,83
M,83
M,83
M,83
M,83
M,83
M,83
M,83
M,83
M,83
M,83
M,83
M,83
M,83
M,83
M,83
M,83
M,83
M,83
M,83
M,83
M,83
M,83
M,83
M,83
M,83
M,83
M,83
M,83
M,83
M,83
M,83
M,83
M,83
M,83
M,83
M,83
M,83
M,83
M,83
M,83
M,83
M,83
M,83
M,83
M,83
M,83
M,83
M,83
M,83
M,83
M,83
M,83
M,83
M,83
M,83
M,83
M,83
M,83
M,83
M,83
M,83
M,83
M,83
M,83
M,83
M,83
M,83
M,83
M,83
M,83
M,83
M,83
M,83
M,83
M,83
M,83
M,83
M,83
M,83
M,83
M,83
M,83
M,84
M,84
M,84
M,84
M,84
M,84
M,84
M,84
M,84
M,84
M,84
M,84
M,84
M,84
M,84
M,84
M,84
M,84
M,84
M,84
M,84
M,84
M,84
M,84
M,84
M,84
M,84
M,84
M,84
M,84
M,84
M,84
M,84
M,84
M,84
M,84
M,84
M,84
M,84
M,84
M,84
M,84
M,84
M,84
M,84
M,84
M,84
M,84
M,84
M,84
M,84
M,84
M,84
M,84
M,84
M,84
M,84
M,84
M,84
M,84
M,84
M,84
M,84
M,84
M,84
M,84
M,84
M,84
M,84
M,84
M,84
M,84
M,84
,85
,85
,85
,85
,85
,85
,85
,85
,85
,85
,85
,85
,85
,85
,85
,85
,85
,85
,85
,85
,85
,85
,85
,85
,85
,85
,85
,85
,85
,85
,85
,85
,85
,85
,85
,85
,85
,85
,85
,85
,85
,85
,85
,85
M,86
M,86
M,86
M,86
M,86
M,86
M,86
M,86
M,86
M,86
M,86
M,86
M,86
M,86
M,86
M,86
M,86
M,86
M,86
M,86
M,86
M,86
M,86
M,86
M,86
M,86
M,86
M,86
M,86
M,86
M,86
M,86
M,86
M,86
M,86
M,86
M,86
M,86
M,86
M,86
M,86
M,86
M,86
M,86
M,86
M,86
M,86
M,86
M,86
M,86
M,86
M,86
M,86
M,86
M,86
M,86
M,86
M,86
M,86
M,86
M,86
M,86
M,86
M,86
M,86
M,86
M,86
M,86
M,86
M,86
M,86
M,86
M,86
M,86
M,86
M,86
M,86
M,86
M,86
M,86
M,86
M,86
M,86
M,86
M,86
M,86
M,86
M,86
M,86
M,86
M,86
M,86
M,86
M,86
M,86
M,86
M,86
M,86
M,86
M,86
M,86
M,86
M,86
M,86
M,86
M,86
M,86
M,86
M,86
M,86
M,86
M,86
M,86
M,86
M,86
M,86
M,87
M,87
M,87
M,87
M,87
M,87
M,87
M,87
M,87
M,87
M,87
M,87
M,87
M,87
M,87
M,87
M,87
M,87
M,87
M,87
M,87
M,87
M,87
M,87
M,87
M,87
M,87
M,87
M,87
M,87
M,87
M,87
M,87
M,87
M,87
M,87
M,87
M,87
M,87
M,87
M,87
M,87
M,87
M,87
M,87
M,87
M,87
M,87
M,87
M,87
M,87
M,87
M,87
M,87
M,87
M,87
M,87
M,87
M,88
M,88
M,88
M,88
M,88
M,88
M,88
M,88
M,88
M,88
M,88
M,88
M,88
M,88
M,88
M,88
M,88
M,88
M,88
M,88
M,88
M,88
M,88
M,88
M,88
M,88
M,88
M,88
M,88
M,88
M,88
M,88
M,88
M,88
M,88
M,88
M,88
M,88
M,88
M,88
M,88
M,88
M,88
M,88
M,88
M,88
M,88
M,88
M,88
M,88
M,88
M,88
M,88
M,88
M,88
M,88
M,88
M,88
M,88
M,88
M,88
M,88
M,88
M,88
M,88
M,88
M,88
M,88
M,88
M,88
M,88
M,88
M,88
M,88
M,88
M,88
M,88
M,88
M,88
M,88
M,88
M,88
M,88
M,88
M,88
M,88
M,88
M,88
M,88
M,88
M,88
M,88
M,88
M,88
M,88
M,88
M,88
M,88
M,88
M,88
M,88
M,88
M,88
M,88
M,88
M,88
M,88
M,88
M,88
M,88
M,88
M,88
M,88
M,88
M,88
M,88
M,88
M,88
M,88
M,88
M,88
M,88
M,88
M,88
M,88
M,88
M,88
M,88
M,88
M,88
M,88
M,88
M,88
M,88
M,88
M,88
M,88
M,88
M,88
M,88
M,88
M,89
M,89
M,89
M,89
M,89
M,89
M,89
M,89
M,89
M,89
M,89
M,89
M,89
M,89
M,89
M,89
M,89
M,89
M,89
M,89
M,89
M,89
M,89
M,89
M,89
M,89
M,89
M,89
M,89
M,89
M,89
M,89
M,89
M,89
M,89
M,89
M,89
M,89
M,89
M,89
M,89
M,89
M,89
M,89
M,89
M,89
M,89
M,89
M,89
M,89
M,89
M,89
M,89
M,89
M,89
M,89
M,89
M,89
M,89
M,89
M,89
M,89
M,89
M,89
M,89
M,89
M,89
M,89
M,89
M,89
M,89
M,89
M,89
M,89
M,89
M,89
M,89
M,89
M,89
M,89
M,89
M,89
M,89
M,89
M,89
M,89
M,89
M,89
M,89
M,89
M,89
M,89
M,89
M,89
M,89
M,89
M,89
M,89
M,89
M,89
M,89
M,89
M,89
M,89
M,89
M,89
M,89
M,89
M,89
M,89
M,89
M,89
M,89
M,89
M,89
M,89
M,89
M,89
M,89
M,89
M,89
M,89
M,89
M,89
M,89
M,89
M,89
M,89
M,89
M,89
M,89
M,89
M,89
M,89
M,89
M,89
M,89
M,89
M,89
M,89
M,89
M,89
M,89
M,89
M,89
M,89
M,89
M,89
M,89
M,89
M,89
M,89
M,89
M,89
M,89
M,89
M,89
M,89
M,89
M,89
M,89
M,89
M,89
M,89
M,89
M,89
M,89
M,89
M,89
M,89
M,89
M,89
M,89
M,89
M,89
M,89
M,89
M,89
M,89
M,89
M,89
M,89
M,89
M,89
M,89
M,89
M,89
M,89
M,89
M,89
M,89
M,89
M,89
M,89
M,89
F,90
F,90
F,90
F,90
F,90
F,90
F,90
F,90
F,90
F,90
F,90
F,90
F,90
F,90
F,90
F,90
F,90
F,90
F,90
F,90
F,90
F,90
F,90
F,90
F,90
F,90
F,90
F,90
F,90
F,90
F,90
F,90
F,90
F,90
F,90
F,90
F,90
F,90
F,90
F,90
F,90
F,90
F,90
F,90
F,90
F,90
F,90
F,90
F,90
F,90
F,90
F,90
F,90
F,90
F,90
F,90
F,90
F,90
F,90
F,90
F,90
F,90
F,90
F,90
F,90
F,90
F,90
F,90
F,90
F,90
F,90
F,90
F,90
F,90
F,90
F,90
F,90
F,90
F,90
F,90
F,90
F,90
F,90
F,90
F,90
F,90
F,90
F,90
F,90
F,90
F,91
F,91
F,91
F,91
F,91
F,91
F,91
F,91
F,91
F,91
F,91
F,91
F,91
F,91
F,91
F,91
F,91
F,91
F,91
F,91
F,91
F,91
F,91
F,91
F,91
F,91
F,91
F,91
F,91
F,91
F,91
F,91
F,91
F,91
F,91
F,92
F,92
F,92
F,92
F,92
F,92
F,92
F,92
F,92
F,92
F,92
F,92
F,92
F,92
F,92
F,92
F,92
F,92
F,92
F,92
F,92
F,92
F,92
F,92
F,92
F,92
F,92
F,92
F,92
F,92
F,92
F,92
F,92
F,92
F,92
F,92
F,92
F,92
F,92
F,92
F,92
F,92
F,92
F,92
F,92
F,92
F,92
F,92
F,93
F,93
F,93
F,93
F,93
F,93
F,93
F,93
F,93
F,93
F,93
F,93
F,93
F,93
F,93
F,93
F,93
F,93
F,93
F,93
F,93
F,93
F,93
F,93
F,93
F,93
F,93
F,93
F,94
F,94
F,94
F,94
F,94
F,94
F,94
F,94
F,94
F,94
F,94
F,94
F,94
F,94
F,94
F,94
F,94
F,94
F,94
F,94
F,94
F,94
F,94
F,94
F,94
F,94
F,94
F,94
F,94
F,94
F,94
F,94
F,94
F,94
F,94
F,94
F,94
F,94
F,94
F,94
F,94
F,94
F,94
F,94
F,94
F,94
F,94
F,94
F,94
F,94
F,94
F,94
F,94
F,94
F,94
F,94
F,94
F,94
F,94
F,94
F,94
F,94
F,94
F,94
F,94
F,94
F,94
F,94
F,94
F,94
F,94
F,94
F,94
F,94
F,94
F,94
F,94
F,94
F,94
F,94
F,94
F,94
F,95
F,95
F,95
F,95
F,95
F,95
F,95
F,95
F,95
F,95
F,95
F,95
F,95
F,95
F,95
F,95
F,95
F,95
F,95
F,95
F,95
F,95
F,95
F,95
F,95
F,95
F,95
F,95
F,95
F,95
F,95
F,95
F,95
F,95
F,95
F,95
F,95
F,95
F,95
F,95
F,95
F,95
F,95
F,95
F,95
F,95
F,95
F,95
F,95
F,95
F,95
F,95
F,95
F,95
F,95
F,95
F,95
F,95
F,96
F,96
F,96
F,96
F,96
F,96
F,96
F,96
F,96
F,96
F,96
F,96
F,96
F,96
F,96
F,96
F,96
F,96
F,96
F,96
F,96
F,96
F,96
F,96
F,96
F,96
F,96
F,96
F,96
F,96
F,96
F,96
F,96
F,96
F,96
F,96
F,96
F,96
F,96
F,96
F,96
F,96
F,96
F,96
F,96
F,96
F,96
F,96
F,96
F,96
F,96
F,96
F,96
F,96
F,96
F,96
F,97
F,97
F,97
F,97
F,97
F,97
F,97
F,97
F,97
F,97
F,97
F,97
F,97
F,97
F,97
F,97
F,97
F,97
F,97
F,97
F,97
F,97
F,97
F,97
F,97
F,97
F,97
F,97
F,97
F,97
F,97
F,97
F,97
F,97
F,97
F,97
F,97
F,97
F,97
F,97
F,97
F,97
F,97
F,97
F,97
F,97
F,97
F,97
F,97
F,97
F,97
F,97
F,97
F,97
F,97
F,97
F,97
F,97
F,97
F,97
F,97
F,97
F,97
F,97
F,97
F,97
F,97
F,97
F,97
F,97
F,97
F,97
F,97
F,97
F,97
F,97
F,97
F,97
F,97
F,97
F,97
F,97
F,97
F,97
F,97
F,97
F,97
F,97
F,97
F,97
F,97
F,97
F,97
F,97
F,97
F,97
F,97
F,97
F,97
F,97
F,97
F,97
F,97
F,97
F,97
F,97
F,97
F,97
F,97
F,97
F,97
F,97
F,97
F,97
F,97
F,97
F,97
F,97
F,97
F,97
F,97
F,97
F,97
F,97
F,97
F,97
F,97
F,97
F,97
F,97
F,97
F,97
F,97
F,97
F,97
F,97
F,97
F,97
F,97
F,97
F,97
F,97
F,97
F,97
F,97
F,97
F,97
F,97
F,97
F,97
F,97
F,97
F,97
F,97
F,97
F,97
F,97
F,97
F,97
F,97
F,97
F,97
F,97
F,97
F,97
F,97
F,97
F,97
F,97
F,97
F,97
F,97
F,97
F,97
F,97
F,97
F,97
F,97
F,97
F,97
F,97
F,97
F,97
F,97
F,97
F,97
F,97
F,97
F,97
F,97
F,97
F,97
F,97
F,97
F,97
F,97
F,97
F,97
F,97
F,97
F,97
F,97
F,97
F,97
F,97
F,97
F,97
F,97
F,97
F,97
F,97
F,97
F,97
F,97
F,97
F,97
F,97
F,97
F,97
F,97
F,97
F,97
F,97
F,97
F,97
F,97
F,97
F,97
F,97
F,97
F,97
F,97
F,97
F,97
F,97
F,97
F,97
F,97
F,97
F,97
F,97
F,97
F,97
F,97
F,97
F,97
F,97
F,97
F,97
F,97
F,97
F,97
F,97
F,97
F,97
F,97
F,97
F,97
F,97
F,97
F,97
F,97
F,97
F,97
F,97
F,97
F,97
F,97
F,97
F,97
F,97
F,97
F,97
F,97
F,97
F,97
F,97
F,97
F,97
F,97
F,97
F,97
F,97
F,97
F,97
F,97
F,97
F,97
F,97
F,97
F,97
F,97
F,97
F,97
F,97
F,97
F,97
F,97
F,97
F,97
F,97
F,97
F,97
F,97
F,97
F,97
F,97
F,97
F,97
F,97
F,97
F,97
F,97
F,97
F,97
F,97
F,97
F,97
F,97
F,97
F,97
F,97
F,97
F,97
F,97
F,97
F,97
F,98
F,98
F,98
F,98
F,98
F,98
F,98
F,98
F,98
F,98
F,98
F,98
F,98
F,98
F,98
F,98
F,98
F,98
F,98
F,98
F,98
F,98
F,98
F,98
F,98
F,98
F,98
F,98
F,98
F,98
F,98
F,98
F,98
F,98
F,98
F,98
F,98
F,98
F,98
F,98
F,98
F,98
F,98
F,98
F,98
F,98
F,98
F,98
F,98
F,98
F,98
F,98
F,98
F,98
F,98
F,98
F,98
F,98
F,98
F,98
F,98
F,98
F,98
F,98
F,98
F,98
F,98
F,98
F,98
F,98
F,98
F,98
F,98
F,98
F,98
F,98
F,98
F,98
F,98
F,98
F,98
F,98
F,98
F,98
F,98
F,98
F,98
F,98
F,98
F,98
F,98
F,98
F,98
F,98
F,98
F,98
F,98
F,98
F,98
F,98
F,98
F,98
F,98
F,98
F,98
F,98
F,98
F,98
F,98
F,98
F,98
F,98
F,98
F,98
F,98
F,98
F,98
F,98
F,98
F,98
F,98
F,99
F,99
F,99
F,99
F,99
F,99
F,99
F,99
F,99
F,99
F,99
F,99
F,99
F,99
F,99
F,99
F,99
F,99
F,99
F,99
F,99
F,99
F,99
F,99
F,99
F,99
F,99
F,99
F,99
F,99
F,99
F,99
F,99
F,99
F,99
F,99
F,99
F,99
F,99
F,99
F,99
F,99
F,99
F,99
F,99
F,99
F,99
F,99
F,99
F,99
F,99
F,99
F,99
F,99
F,99
F,99
F,99
F,99
F,99
F,99
F,99
F,99
F,99
F,99
F,99
F,99
F,99
F,99
F,99
F,99
F,99
F,99
F,99
F,99
F,99
F,99
F,99
F,99
F,99
F,99
F,99
F,99
F,99
F,99
F,99
F,99
F,99
F,99
F,99
F,99
F,99
F,99
F,99
F,99
F,99
F,99
F,99
F,99
F,99
F,99
F,99
F,99
F,99
F,99
F,99
F,99
F,100
F,100
F,100
F,100
F,100
F,100
F,100
F,100
F,100
F,100
F,100
F,100
F,100
F,100
F,100
F,100
F,100
F,100
F,100
F,100
F,100
F,100
F,100
F,100
F,100
F,100
F,100
F,100
F,100
F,100
F,100
F,100
F,100
F,100
F,100
F,100
F,100
F,100
F,100
F,100
F,100
F,100
F,100
F,100
F,100
F,100
F,100
F,100
F,100
F,100
F,100
F,100
F,100
F,100
F,100
F,100
F,100
F,100
F,100
F,100
F,100
F,100
F,100
F,100
F,100
F,100
F,100
F,100
F,100
F,100
F,100
F,100
F,100
F,100
F,100
F,100
F,100
F,100
F,100
F,100
F,100
F,100
F,100
F,100
F,100
F,100
F,100
F,100
F,100
F,100
F,100
F,100
F,100
F,100
F,100
F,100
F,100
F,100
F,100
F,100
F,100
F,100
F,100
F,100
F,100
F,100
F,100
F,100
F,100
F,100
F,100
F,100
F,100
F,100
F,100
F,100
F,100
F,100
F,100
F,100
F,100
F,100
F,100
F,100
F,100
F,100
F,100
F,100
F,100
F,100
F,100
F,100
F,100
F,100
F,100
F,100
F,100
F,100
F,100
F,100
F,100
F,100
F,100
F,100
F,100
F,100
F,100
F,100
F,100
F,100
F,100
F,100
F,100
F,100
F,100
F,100
F,100
F,100
F,100
F,100
F,100
F,100
F,100
F,100
F,100
F,100
F,100
F,100
F,100
F,100
F,100
F,100
F,100
F,100
F,100
F,100
F,100
F,100
F,100
F,100
F,100
F,100
F,100
F,100
F,100
F,100
F,100
F,100
F,100
F,100
F,101
F,101
F,101
F,101
F,101
F,101
F,101
F,101
F,101
F,101
F,101
F,101
F,101
F,101
F,101
F,101
F,101
F,101
F,101
F,101
F,101
F,101
F,101
F,101
F,101
F,101
F,101
F,101
F,101
F,101
F,101
F,101
F,101
F,101
F,101
F,101
F,101
F,101
F,101
F,101
F,101
F,101
F,101
F,101
F,101
F,101
F,101
F,101
F,101
F,101
F,101
F,101
F,101
F,101
F,101
F,101
F,101
F,101
F,101
F,101
F,101
F,101
F,101
F,101
F,101
F,101
F,101
F,101
F,101
F,101
F,101
F,101
F,101
F,101
F,101
F,101
F,101
F,101
F,101
F,101
F,101
F,101
F,101
F,101
F,101
F,101
F,101
F,101
F,101
F,101
F,101
F,101
F,101
F,101
F,101
F,101
F,101
F,101
F,101
F,101
F,101
F,101
F,101
F,101
F,101
F,101
F,101
F,101
F,101
F,101
F,101
F,101
F,101
F,101
F,101
F,101
F,101
F,101
F,101
F,101
F,101
F,101
F,101
F,101
F,101
F,101
F,101
F,101
F,101
F,101
F,101
F,101
F,101
F,101
F,101
F,101
F,101
F,101
F,101
F,101
F,101
F,101
F,101
F,101
F,101
F,101
F,101
F,101
F,101
F,101
F,101
F,101
F,101
F,101
F,101
F,101
F,101
F,101
F,101
F,101
F,101
F,101
F,101
F,101
F,101
F,101
F,101
F,101
F,101
F,101
F,101
F,101
F,101
F,101
F,101
F,101
F,101
F,101
F,101
F,101
F,101
F,101
F,101
F,101
F,101
F,101
F,101
F,101
F,101
F,101
F,101
F,101
F,101
F,101
F,101
F,101
F,101
F,101
F,101
F,101
F,101
F,101
F,101
F,101
F,101
F,101
F,101
F,101
F,101
F,101
F,101
F,101
F,101
F,101
F,101
F,101
F,101
F,101
F,101
F,101
F,101
F,101
F,101
F,101
F,101
F,101
F,101
F,101
F,101
F,101
F,101
F,101
F,101
F,101
F,101
F,101
F,101
F,101
F,101
F,101
F,101
F,101
F,101
F,101
F,101
F,101
F,101
F,101
F,101
F,101
F,101
F,101
F,101
F,101
F,101
F,101
F,101
F,101
F,101
F,101
F,101
F,101
F,101
F,101
F,101
F,101
F,101
F,101
F,101
F,101
F,101
F,101
F,101
F,101
F,101
F,101
F,101
F,101
F,101
F,101
F,101
F,101
F,101
F,101
F,101
F,101
F,101
F,101
F,101
F,101
F,101
F,101
F,101
F,101
F,101
F,101
F,101
F,101
F,101
F,101
F,101
F,101
F,101
F,101
F,101
F,101
F,101
F,101
F,101
F,101
F,101
F,101
F,101
F,101
F,101
F,101
F,101
F,101
F,101
F,101
F,101
F,101
F,101
F,101
F,101
F,101
F,101
F,101
F,101
F,101
F,101
F,101
F,101
F,101
F,101
F,101
F,101
F,101
F,101
F,101
F,101
F,101
F,101
F,101
F,101
F,101
F,101
F,101
F,101
F,101
F,101
F,101
F,101
F,101
F,101
F,101
F,101
F,101
F,101
F,101
F,101
F,101
F,101
F,101
F,101
F,101
F,101
F,101
F,101
F,101
F,101
F,101
F,101
F,101
F,101
F,101
F,101
F,101
F,101
F,101
F,101
F,102
F,102
F,102
F,102
F,102
F,102
F,102
F,102
F,102
F,102
F,102
F,102
F,102
F,102
F,102
F,102
F,102
F,102
F,102
F,102
F,102
F,102
F,102
F,102
F,102
F,102
F,102
F,102
F,102
F,102
F,102
F,102
F,102
F,102
F,102
F,102
F,102
F,102
F,102
F,102
F,102
M,103
M,103
M,103
M,103
M,103
M,103
M,103
M,103
M,103
M,103
M,103
M,103
M,103
M,103
M,103
M,103
M,103
M,103
M,103
M,103
M,103
M,103
M,103
M,103
M,103
M,103
M,103
M,103
M,103
M,103
M,103
M,103
M,103
M,103
M,103
M,103
M,103
M,103
M,103
M,103
M,103
M,103
M,103
M,103
M,103
M,103
M,103
M,103
M,103
M,103
M,103
M,103
M,103
M,103
M,103
M,103
M,103
M,103
M,104
M,104
M,104
M,104
M,104
M,104
M,104
M,104
M,104
M,104
M,104
M,104
M,104
M,104
M,104
M,104
M,104
M,104
M,104
M,104
M,104
M,104
M,104
M,104
M,104
M,104
M,104
M,104
M,104
M,104
M,104
M,104
M,104
M,104
M,104
M,104
M,104
M,104
M,104
M,104
M,104
M,104
M,104
M,104
M,104
M,104
M,104
M,104
M,104
M,104
M,104
M,104
M,104
M,104
M,104
M,104
M,104
M,104
M,104
M,104
M,104
M,104
M,104
M,104
M,104
M,104
M,104
M,104
M,104
M,104
M,104
M,104
M,104
M,104
M,104
M,104
M,104
M,104
M,104
M,104
M,104
M,104
M,104
M,104
M,104
M,104
M,104
M,104
M,104
M,104
M,104
M,104
M,104
M,104
M,104
M,104
M,104
M,104
M,104
M,104
M,104
M,104
M,104
M,104
M,104
M,104
M,104
M,104
M,104
M,104
M,104
M,104
M,104
M,104
M,104
M,104
M,104
M,104
M,104
M,104
M,104
M,104
M,104
M,104
M,104
M,104
M,104
M,104
M,104
M,104
M,104
M,104
M,104
M,104
M,104
M,104
M,104
M,104
M,104
M,104
M,104
M,104
M,104
M,104
M,104
M,104
M,104
M,104
M,104
M,104
M,104
M,104
M,104
M,104
M,104
M,104
M,104
M,104
M,104
M,104
M,104
M,104
M,104
M,104
M,104
M,104
M,104
M,104
M,104
M,104
M,104
M,104
M,104
M,104
M,104
M,104
M,104
M,104
M,104
M,104
M,104
M,104
M,104
M,104
M,104
M,104
M,104
M,104
M,104
M,104
M,104
M,104
M,104
M,104
M,104
M,104
M,104
M,104
M,104
M,104
M,104
M,104
M,104
M,104
M,104
M,104
M,104
M,104
M,104
M,104
M,104
M,104
M,104
M,104
M,104
M,104
M,104
M,104
M,104
M,104
M,104
M,104
M,104
M,104
M,104
M,104
M,104
M,104
M,104
M,104
M,104
M,104
M,104
M,104
M,104
M,104
M,104
M,104
M,104
M,104
M,104
M,104
M,104
M,104
M,104
M,104
M,104
M,104
M,104
M,104
M,104
M,104
M,104
M,104
M,104
M,104
M,104
M,104
M,104
M,104
M,104
M,104
M,104
M,104
M,104
M,104
M,104
M,104
M,104
M,104
M,104
M,104
M,104
M,104
M,104
M,104
M,104
M,104
M,104
M,104
M,104
M,104
M,104
M,104
M,104
M,104
M,104
M,104
M,104
M,104
M,104
M,104
M,104
M,104
M,104
M,104
M,104
M,104
M,104
M,104
M,104
M,104
M,104
M,104
M,104
M,104
M,104
M,104
M,104
M,104
M,104
M,104
M,104
M,104
M,104
M,104
M,104
M,104
M,104
M,104
M,104
M,104
M,104
M,104
M,104
M,104
M,104
M,104
M,104
M,104
M,104
M,104
M,104
M,104
M,104
M,104
M,104
M,104
M,104
M,104
M,104
M,104
M,104
M,104
M,104
M,104
M,104
M,104
F,105
F,105
F,105
F,105
F,105
F,105
F,105
F,105
F,105
F,105
F,105
F,105
F,105
F,105
F,105
F,105
F,105
F,105
F,105
F,105
F,105
F,105
F,105
F,105
F,105
F,105
F,105
F,105
M,106
M,106
M,106
M,106
M,106
M,106
M,106
M,106
M,106
M,106
M,106
M,106
M,106
M,106
M,106
M,106
M,106
M,106
M,106
M,106
M,106
M,106
M,106
M,106
M,106
M,106
M,106
M,106
M,106
M,106
M,106
M,106
M,106
M,106
M,106
M,106
M,106
M,106
M,106
M,106
M,106
M,106
M,106
M,106
M,106
M,106
M,106
M,106
M,106
M,106
M,106
M,106
M,106
M,106
M,106
M,106
M,106
M,106
M,106
M,106
M,106
M,106
M,106
M,106
M,106
M,106
M,106
M,106
M,106
M,106
M,106
M,106
M,106
M,106
M,106
M,106
M,106
M,106
M,106
M,106
M,106
M,106
M,106
M,106
M,106
M,106
M,106
M,107
M,107
M,107
M,107
M,107
M,107
M,107
M,107
M,107
M,107
M,107
M,107
M,107
M,107
M,107
M,107
M,107
M,107
M,107
M,107
M,107
M,107
M,107
M,107
M,107
M,107
M,107
M,107
M,107
M,107
M,107
M,107
M,107
M,107
M,107
M,107
M,107
M,107
M,107
M,107
M,107
M,107
M,107
M,107
M,107
M,107
M,107
M,107
M,107
M,107
M,107
M,107
M,107
M,107
M,107
M,107
M,107
M,107
M,107
M,107
M,107
M,107
M,107
M,107
M,107
M,107
M,107
M,107
M,107
M,107
M,107
M,107
M,107
M,107
M,107
M,107
M,107
M,107
M,107
M,107
M,107
M,107
M,107
M,107
M,107
M,107
M,107
M,107
M,107
M,107
M,107
M,107
M,107
M,107
M,107
M,107
M,107
M,107
M,107
M,107
M,107
M,107
M,107
M,107
M,107
M,107
M,107
M,107
M,107
M,107
M,107
M,107
M,107
M,107
M,107
M,107
M,107
M,107
M,107
M,107
M,107
M,107
M,107
M,107
M,107
M,107
M,107
M,107
M,107
M,107
M,107
M,107
M,107
M,107
M,107
M,107
M,107
M,107
M,107
M,107
M,107
M,107
M,107
M,107
M,107
M,107
M,107
M,107
M,107
M,107
M,107
M,107
M,107
M,107
M,107
M,107
M,107
M,107
M,107
M,107
M,107
M,107
M,107
M,107
M,107
M,107
M,107
M,107
M,107
M,107
M,107
M,107
M,107
M,107
M,107
M,108
M,108
M,108
M,108
M,108
M,108
M,108
M,108
M,108
M,108
M,108
M,108
M,108
M,108
M,108
M,108
M,108
M,108
M,108
M,108
M,108
M,108
M,108
M,108
M,108
M,108
M,108
M,108
M,108
M,108
M,108
M,108
M,108
M,108
M,108
M,108
M,108
M,108
M,108
M,108
M,108
M,108
M,108
M,108
M,108
M,108
M,108
M,108
M,108
M,108
M,108
M,108
M,108
M,108
M,108
M,108
M,108
M,108
M,108
M,108
M,108
M,108
M,108
M,108
M,108
M,108
M,108
M,108
M,108
M,108
M,108
M,108
M,108
M,109
M,109
M,109
M,109
M,109
M,109
M,109
M,109
M,109
M,109
M,109
M,109
M,109
M,109
M,109
M,109
M,109
M,109
M,109
M,109
M,109
M,109
M,109
M,109
M,109
M,109
M,109
M,109
M,109
M,109
M,109
M,109
M,109
M,109
M,109
M,109
M,109
M,109
M,109
M,109
M,109
M,109
M,109
M,109
M,109
M,109
M,109
M,109
M,109
M,109
M,109
M,109
M,109
M,109
M,109
M,109
M,109
M,109
M,109
M,109
M,109
M,109
M,109
M,109
M,109
M,109
M,109
M,109
M,109
M,109
M,109
M,109
M,109
M,109
M,109
M,109
M,109
M,109
M,109
M,109
M,109
M,109
M,109
M,109
M,109
M,110
M,110
M,110
M,110
M,110
M,110
M,110
M,110
M,110
M,110
M,110
M,110
M,110
M,110
M,110
M,110
M,110
M,110
M,110
M,110
M,110
M,110
M,110
M,110
M,110
M,110
M,110
M,110
M,110
M,110
M,110
M,110
M,110
M,110
M,110
M,110
M,110
M,110
M,110
M,110
M,110
M,110
M,110
M,110
M,110
M,110
M,110
M,110
M,110
M,110
M,110
M,110
M,110
M,110
M,110
M,110
M,110
M,110
M,110
M,110
M,110
M,110
M,110
M,110
M,110
M,110
M,110
M,110
M,110
M,110
M,110
M,110
M,110
M,110
M,110
M,110
M,110
M,110
M,110
M,110
M,110
M,110
M,110
M,110
M,110
M,110
M,110
M,110
M,110
M,110
M,110
M,110
M,110
M,110
M,110
M,110
M,110
M,110
M,110
M,110
M,110
M,110
M,110
M,110
M,110
M,110
M,110
M,110
M,110
M,110
M,110
M,110
M,110
M,110
M,110
M,110
M,110
M,110
M,110
M,110
M,110
M,110
M,110
M,110
M,110
M,110
M,110
M,110
M,110
M,110
M,110
M,110
M,110
M,110
M,110
M,110
M,110
M,110
M,110
M,110
M,111
M,111
M,111
M,111
M,111
M,111
M,111
M,111
M,111
M,111
M,111
M,111
M,111
M,111
M,111
M,111
M,111
M,111
M,111
M,111
M,111
M,111
M,111
M,111
M,111
M,111
M,111
M,111
M,111
M,111
M,111
M,111
M,111
M,111
M,111
M,111
M,111
M,111
M,111
M,111
M,111
M,111
M,111
M,111
M,111
M,111
M,111
M,111
M,111
M,111
M,111
M,111
M,111
M,111
M,111
M,111
M,111
M,111
M,111
M,111
M,111
M,111
M,111
M,111
M,111
M,111
M,111
M,111
M,111
M,111
M,111
M,111
M,111
M,111
M,111
M,111
M,111
M,111
M,111
M,111
M,111
M,111
M,111
M,111
M,111
M,111
M,111
M,111
M,111
M,111
M,111
M,111
M,111
M,111
M,111
M,111
M,111
M,111
M,111
M,111
M,111
M,111
M,111
M,111
M,111
M,111
M,111
M,111
M,111
M,111
M,111
M,111
M,111
M,111
M,111
M,111
M,111
M,111
M,111
M,111
M,111
M,111
M,111
M,111
M,111
M,111
M,111
M,111
M,112
M,112
M,112
M,112
M,112
M,112
M,112
M,112
M,112
M,112
M,112
M,112
M,112
M,112
M,112
M,112
M,112
M,112
M,112
M,112
M,112
M,112
M,112
M,112
M,112
M,112
M,112
M,112
M,112
M,112
M,112
M,112
M,112
M,112
M,112
M,112
M,112
M,112
M,113
M,113
M,113
M,113
M,113
M,113
M,113
M,113
M,113
M,113
M,113
M,113
M,113
M,113
M,113
M,113
M,113
M,113
M,113
M,113
M,113
M,113
M,113
M,113
M,113
M,113
M,113
M,113
M,113
M,113
M,113
M,113
M,113
M,113
M,113
M,113
M,113
M,113
M,113
M,113
M,113
M,113
M,113
M,113
M,113
M,113
M,113
M,113
M,113
M,113
M,113
M,113
M,113
M,113
M,113
M,113
M,113
M,113
M,113
M,113
M,113
M,113
M,113
M,113
M,113
M,113
M,113
M,113
M,113
M,113
M,113
M,113
F,114
F,114
F,114
F,114
F,114
F,114
F,114
F,114
F,114
F,114
F,114
F,114
F,114
F,114
F,114
F,114
F,114
F,114
F,114
F,114
F,114
F,114
F,114
F,114
F,114
F,114
F,114
F,114
F,114
F,114
F,114
F,114
F,114
F,114
F,114
F,114
F,114
F,114
F,114
F,114
F,114
F,114
F,114
F,114
F,114
F,114
F,114
F,114
F,114
F,114
F,114
F,114
F,114
F,114
F,114
F,114
F,114
F,114
F,114
F,114
F,114
F,114
F,114
F,114
F,114
F,114
F,114
F,114
F,114
F,114
F,114
F,114
F,114
F,114
F,114
F,114
F,114
F,114
F,114
F,114
F,114
F,114
F,114
F,114
F,114
F,114
F,114
F,114
F,114
F,114
F,114
F,114
F,114
F,114
F,114
F,114
F,114
F,114
F,114
F,114
F,114
F,114
F,114
F,114
F,114
F,114
F,114
F,114
F,114
F,114
F,114
F,114
F,114
F,114
F,114
F,114
F,114
F,114
F,114
F,114
F,114
F,114
F,114
F,114
F,114
F,114
F,114
F,114
F,114
F,114
F,114
F,114
F,114
F,114
F,114
F,114
F,114
F,114
F,114
F,114
F,114
F,114
F,114
F,115
F,115
F,115
F,115
F,115
F,115
F,115
F,115
F,115
F,115
F,115
F,115
F,115
F,115
F,115
F,115
F,115
F,115
F,115
F,115
F,115
F,115
F,115
F,115
F,115
F,115
F,115
F,115
F,115
F,115
F,115
F,115
F,115
F,115
F,115
F,115
F,115
F,115
F,115
F,115
F,115
F,115
F,115
F,115
F,115
F,115
F,115
F,115
F,115
F,115
F,115
F,115
F,115
F,115
F,115
F,115
F,115
F,115
F,115
F,115
F,115
F,115
F,115
F,115
F,115
F,115
F,115
F,115
F,115
F,115
F,115
F,115
F,115
F,115
F,115
F,115
F,115
F,115
F,115
F,115
F,115
F,115
F,115
F,116
F,116
F,116
F,116
F,116
F,116
F,116
F,116
F,116
F,116
F,116
F,116
F,116
F,116
F,116
F,116
F,116
F,116
F,116
F,116
F,116
F,116
F,116
F,116
F,116
F,116
F,116
F,116
F,116
F,116
F,116
F,116
F,116
F,116
F,116
F,116
F,116
F,116
F,116
F,116
F,116
F,116
F,116
F,116
F,116
F,116
F,116
F,116
F,116
F,116
F,116
F,116
F,116
F,116
F,116
F,116
F,116
F,116
F,116
F,116
F,116
F,116
F,116
F,116
F,116
F,116
F,116
F,116
F,116
F,116
F,116
F,116
F,116
F,116
F,116
F,116
F,116
F,116
F,116
F,116
F,116
F,116
F,116
F,116
F,116
F,116
F,116
F,116
F,116
F,116
F,116
F,116
F,116
F,116
F,116
F,116
F,116
F,116
F,116
F,116
F,116
F,116
F,116
F,116
F,116
F,116
F,116
F,116
F,116
F,116
F,116
F,116
F,116
F,116
F,116
F,116
F,116
F,116
F,116
F,116
F,116
F,116
F,116
F,116
F,116
F,116
F,116
F,116
F,116
F,116
F,116
F,116
F,116
F,116
F,116
F,117
F,117
F,117
F,117
F,117
F,117
F,117
F,117
F,117
F,117
F,117
F,117
F,117
F,117
F,117
F,117
F,117
F,117
F,117
F,117
F,117
F,117
F,117
F,117
F,117
F,117
F,117
F,117
F,117
F,117
F,117
F,117
F,117
F,117
F,117
F,117
F,117
F,117
F,117
F,117
F,117
F,117
F,117
F,117
F,117
F,117
F,117
F,117
F,117
F,117
F,117
F,117
F,117
F,117
F,117
F,117
F,117
F,117
F,117
F,117
F,117
F,117
F,117
F,117
F,117
F,117
F,117
F,117
F,117
F,117
F,117
F,117
F,117
F,117
F,117
F,117
F,117
F,117
F,117
F,117
F,117
F,117
F,117
F,117
F,117
F,117
F,117
F,117
F,117
F,117
F,117
F,117
F,117
F,117
F,117
F,117
F,117
F,117
F,117
F,117
F,117
F,117
F,117
F,117
F,117
F,117
F,117
F,117
F,117
F,117
F,117
F,117
F,117
F,117
F,117
F,117
F,117
F,117
F,117
F,117
F,117
F,117
F,117
F,117
F,117
F,118
F,118
F,118
F,118
F,118
F,118
F,118
F,118
F,118
F,118
F,118
F,118
F,118
F,118
F,118
F,118
F,118
F,118
F,118
F,118
F,118
F,118
F,118
F,118
F,118
F,118
F,118
F,118
F,118
F,118
F,118
F,118
F,118
F,118
F,118
F,118
F,118
F,118
F,118
F,118
F,118
F,118
F,118
F,118
F,118
F,118
F,118
F,118
F,118
F,118
F,118
F,118
F,118
F,118
F,118
F,118
F,118
F,118
F,118
F,118
F,118
F,118
F,118
F,118
F,118
F,118
F,118
F,118
F,118
F,118
F,118
F,118
F,118
F,118
F,118
F,118
F,118
F,118
F,118
F,118
F,118
F,118
F,118
F,118
F,118
M,119
M,119
M,119
M,119
M,119
M,119
M,119
M,119
M,119
M,119
M,119
M,119
M,119
M,119
M,119
M,119
M,119
M,119
M,119
M,119
M,119
M,119
M,119
M,119
M,119
M,119
M,119
M,119
M,119
M,119
M,119
M,119
M,119
M,119
M,119
M,119
M,119
M,119
M,119
M,119
M,119
M,119
M,119
M,119
M,120
M,120
M,120
M,120
M,120
M,120
M,120
M,120
M,120
M,120
M,120
M,120
M,120
M,120
M,120
M,120
M,120
M,120
M,120
M,121
M,121
M,121
M,121
M,121
M,121
M,121
M,121
M,121
M,121
M,121
M,121
M,121
M,121
M,121
M,121
M,121
M,121
M,121
M,121
M,121
M,121
M,121
M,121
M,121
M,121
M,121
M,121
M,121
M,121
M,121
M,121
M,121
M,121
M,121
M,121
M,121
M,121
M,121
M,121
M,121
M,121
M,121
M,121
M,121
M,121
M,121
M,121
M,121
M,121
M,121
M,121
M,121
M,121
M,121
M,121
M,121
M,121
M,121
M,121
M,121
M,121
M,121
M,121
M,121
M,121
M,121
M,121
M,121
M,121
M,121
M,121
M,121
M,121
M,121
M,121
M,121
M,121
M,121
M,121
M,121
M,121
M,121
M,121
M,121
M,121
M,121
M,121
M,121
M,121
M,121
M,121
M,121
M,121
M,121
M,121
M,121
M,121
M,121
M,121
M,121
M,121
M,121
M,121
M,121
M,121
M,121
M,121
M,121
M,121
M,121
M,121
M,121
M,121
M,121
M,121
M,121
M,121
M,121
M,121
M,121
M,121
M,121
M,121
M,121
M,121
M,121
M,121
M,121
M,121
M,121
M,121
M,121
M,122
M,122
M,122
M,122
M,122
M,122
M,122
M,122
M,122
M,122
M,122
M,122
M,122
M,122
M,122
M,122
M,122
M,122
M,122
M,122
M,122
M,122
M,122
M,122
M,122
M,122
M,122
M,122
M,122
M,122
M,122
M,122
M,122
M,122
M,122
M,122
M,122
M,122
M,122
M,122
M,122
M,122
M,122
M,122
M,122
M,122
M,122
M,122
M,122
M,122
M,122
M,122
M,122
M,122
M,122
M,122
M,122
M,122
M,122
M,122
M,122
M,122
M,122
M,122
M,122
M,122
M,122
M,122
M,122
M,122
M,122
M,122
M,122
M,122
M,122
M,122
M,122
M,122
M,122
M,122
M,122
M,122
M,122
M,122
M,122
M,122
M,122
M,122
M,122
M,122
M,122
M,122
M,123
M,123
M,123
M,123
M,123
M,123
M,123
M,123
M,123
M,123
M,123
M,123
M,123
M,123
M,123
M,123
M,123
M,123
M,123
M,123
M,123
M,123
M,123
M,123
M,123
M,123
M,123
M,123
M,123
M,123
M,123
M,123
M,123
M,124
M,124
M,124
M,124
M,124
M,124
M,124
M,124
M,124
M,124
M,124
M,124
M,124
M,124
M,124
M,124
M,124
M,124
M,124
M,124
M,124
M,124
M,124
M,124
M,124
M,124
M,124
M,124
M,124
M,124
M,124
M,124
M,124
M,124
M,124
M,124
M,124
M,124
M,124
M,124
M,124
M,124
M,124
M,124
M,124
M,124
M,124
M,124
M,124
M,124
M,124
M,124
M,124
M,124
M,124
M,124
M,124
M,124
M,124
M,124
M,124
M,124
M,124
M,124
M,125
M,125
M,125
M,125
M,125
M,125
M,125
M,125
M,125
M,125
M,125
M,125
M,125
M,125
M,125
M,125
M,125
M,125
M,125
M,125
M,125
M,125
M,125
M,125
M,125
M,125
M,125
M,125
M,125
M,125
M,125
M,125
M,125
M,125
M,125
M,125
M,125
M,125
M,125
M,125
M,125
M,125
M,125
M,125
M,125
M,125
M,125
M,125
M,125
M,125
M,125
M,125
M,125
M,125
M,125
M,125
M,125
M,125
M,125
M,125
M,125
M,125
M,125
M,125
M,125
M,125
M,125
M,125
M,125
M,125
M,125
M,125
M,125
M,125
M,125
M,125
M,125
M,125
M,125
M,125
M,125
M,125
M,125
M,125
M,125
M,125
M,125
M,125
M,125
M,125
M,125
M,125
M,125
M,125
M,125
M,125
F,126
F,126
F,126
F,126
F,126
F,126
F,126
F,126
F,126
F,126
F,126
F,126
F,126
F,126
F,126
F,126
F,126
F,126
F,126
F,126
F,126
F,126
F,126
F,126
F,126
F,126
F,126
F,126
F,126
F,126
F,126
F,126
F,126
F,126
F,126
F,126
F,126
F,126
F,126
F,126
F,126
F,126
F,126
F,126
F,126
F,126
F,126
F,126
F,126
F,126
F,126
F,126
F,126
F,126
F,126
F,126
F,126
F,126
F,126
F,126
F,126
F,126
F,126
F,126
F,126
F,126
F,126
M,127
M,127
M,127
M,127
M,127
M,127
M,127
M,127
M,127
M,127
M,127
M,127
M,127
M,127
M,127
M,127
M,127
M,127
M,127
M,127
M,127
M,127
M,127
M,127
M,127
M,127
M,127
M,127
M,127
M,127
M,127
M,127
M,127
M,127
M,127
M,127
M,127
M,127
M,128
M,128
M,128
M,128
M,128
M,128
M,128
M,128
M,128
M,128
M,128
M,128
M,128
F,129
F,129
F,129
F,129
F,129
F,129
F,129
F,129
F,129
F,129
F,129
F,129
F,129
F,129
F,129
F,129
F,129
F,129
F,129
F,129
F,129
F,129
F,129
F,129
F,129
F,129
F,129
F,129
F,129
F,129
F,129
F,129
F,129
F,129
F,129
F,129
F,129
F,129
F,129
F,129
F,129
F,129
F,129
M,130
M,130
M,130
M,130
M,130
M,130
M,130
M,130
M,130
M,130
M,130
M,130
M,130
M,130
M,130
M,130
M,130
M,130
M,130
M,130
M,130
M,130
M,130
M,130
M,130
M,130
M,130
M,130
M,130
M,130
M,130
M,130
M,130
M,130
M,130
M,130
M,130
M,130
M,130
M,130
M,130
M,130
M,130
M,130
M,130
M,130
M,130
M,130
M,130
M,130
M,130
M,130
M,130
M,130
M,130
M,130
M,130
M,130
M,130
M,130
M,130
M,130
M,131
M,131
M,131
M,131
M,131
M,131
M,131
M,131
M,131
M,131
M,131
M,131
M,131
M,131
M,131
M,131
M,131
M,131
M,131
M,131
M,131
M,131
M,131
M,131
M,131
M,131
M,131
M,131
M,131
M,131
M,132
M,132
M,132
M,132
M,132
M,132
M,132
M,132
M,132
M,132
M,132
M,132
M,132
M,132
M,132
M,132
M,132
M,132
M,132
M,132
M,132
M,132
M,132
M,132
M,132
M,132
M,132
M,132
M,132
M,132
M,132
M,132
M,132
M,132
M,132
M,132
M,132
M,132
F,133
F,133
F,133
F,133
F,133
F,133
F,133
F,133
F,133
F,133
M,134
M,134
M,134
M,134
M,134
M,134
M,134
M,134
M,134
M,134
M,134
M,134
M,134
M,134
M,134
M,134
M,134
M,134
M,134
M,134
M,134
M,134
M,134
M,134
M,134
M,134
M,134
M,134
M,134
M,134
M,134
M,134
M,134
M,134
M,134
M,134
M,134
M,134
M,134
M,134
M,134
M,134
M,134
M,134
M,134
M,134
M,134
M,134
M,134
M,134
M,134
M,134
M,134
M,134
M,134
M,134
M,134
M,134
M,134
M,134
M,134
M,134
M,134
M,134
M,134
M,134
M,134
M,134
M,134
M,134
M,134
M,134
M,134
M,134
M,134
M,134
M,134
M,134
M,134
M,134
M,134
M,134
M,134
M,134
M,134
M,134
M,134
M,134
M,134
M,134
M,134
M,134
F,135
F,135
F,135
F,135
F,135
F,135
F,135
F,135
F,135
F,135
F,135
F,135
F,135
F,135
F,135
F,135
F,135
F,135
F,135
F,135
F,135
F,135
F,135
F,135
F,135
F,135
F,135
F,135
F,135
F,135
F,135
F,135
F,135
F,135
F,135
F,135
F,135
F,135
F,135
F,135
F,135
F,135
F,135
F,135
F,135
F,135
F,135
F,135
F,135
F,135
F,135
F,135
F,135
F,135
F,135
F,135
F,135
F,135
F,135
F,135
F,135
F,135
F,135
F,135
F,135
F,135
F,135
F,135
F,135
F,135
F,135
F,135
F,135
F,135
F,135
F,135
F,135
F,135
F,135
F,135
F,135
,136
,136
,136
,136
,136
,136
,136
,136
,136
,136
,136
,136
,136
,136
,136
,136
,136
,136
,136
,136
,136
,136
,136
,136
,136
,136
,136
,136
,136
,136
,136
,136
,136
,136
,136
,136
,136
,136
,136
,136
,136
,136
,136
,136
,136
,136
,136
,136
,136
,136
,136
,136
,136
,136
,136
,136
,136
,136
,136
,136
,136
,136
,136
,136
,136
,136
,136
,136
,136
F,137
F,137
F,137
F,137
F,137
F,137
F,137
F,137
F,137
F,137
F,137
F,137
F,137
F,137
F,137
F,137
F,137
F,137
F,137
F,137
F,137
F,137
F,137
F,137
F,137
F,137
F,137
F,137
F,137
F,137
F,137
F,137
F,137
F,137
F,137
F,137
F,137
F,137
F,137
F,137
F,137
F,137
F,137
F,137
F,137
F,137
F,138
F,138
F,138
F,138
F,138
F,138
F,138
F,138
F,138
F,138
F,138
F,138
F,138
F,138
F,138
F,138
F,138
F,138
F,138
F,138
F,138
F,138
F,138
F,138
F,138
F,138
F,138
F,138
F,138
F,138
F,138
F,138
F,138
F,138
F,138
F,138
F,138
F,138
F,138
F,138
F,138
F,138
F,138
F,138
F,138
F,138
F,138
F,138
F,138
F,138
F,138
F,138
F,138
F,138
F,138
F,138
F,138
F,138
,139
,139
,139
,139
,139
,139
,139
,139
,139
,139
,139
,139
,139
,139
,139
,139
,139
,139
,139
,139
,139
,139
,139
,139
,139
,139
,139
,139
,139
,139
,139
,139
,139
,139
,139
,139
,139
,139
,139
,139
,139
,139
,139
,139
,139
,139
,139
,139
,139
,139
,139
,139
,139
,139
,139
,139
,139
,139
,139
,139
,139
,139
,139
,139
,139
,139
,139
,139
,139
,139
,139
,139
,139
,139
,139
,139
,139
,139
,139
,139
,139
,139
,139
,139
,139
,139
,139
,139
,139
,139
,139
,139
,139
,139
,139
,139
,139
,139
,139
,139
,139
F,140
F,140
F,140
F,140
F,140
F,140
F,140
F,140
F,140
F,140
F,140
F,140
F,140
F,140
F,140
F,140
F,140
F,140
F,140
F,140
F,140
F,140
F,140
F,140
F,140
F,140
F,140
F,140
F,140
F,140
F,140
F,140
F,140
F,140
F,140
M,141
M,141
M,141
M,141
M,141
M,141
M,141
M,141
M,141
M,141
M,141
M,141
M,141
M,141
M,141
M,141
M,141
M,141
M,141
M,141
M,141
M,141
M,141
M,141
M,141
M,141
M,141
M,141
M,141
,142
,142
,142
,142
,142
,142
,142
,142
,142
,142
,142
,142
,142
,142
,142
,142
,142
,142
,142
,142
,142
,142
,142
,142
,142
,142
,142
,142
,142
,142
,142
,142
,142
,142
,142
,142
,142
,142
,142
,142
,142
,142
,142
,142
,142
,142
,142
,142
,142
,142
,142
,142
,142
,142
,142
,142
,142
,142
,142
,142
,142
,142
,142
,142
F,143
F,143
F,143
F,143
F,143
F,143
F,143
F,143
F,143
F,143
F,143
F,143
F,143
F,143
F,143
F,143
F,143
F,143
F,143
F,143
F,143
F,143
F,143
F,143
F,143
F,143
F,143
F,143
F,143
F,143
F,143
F,143
F,143
F,143
F,143
F,143
F,143
F,143
F,143
F,143
F,143
F,143
F,143
F,143
F,143
F,143
F,143
F,143
F,143
F,143
F,143
F,143
F,143
F,143
F,143
F,143
F,143
F,143
F,143
F,143
F,143
F,143
F,143
F,143
F,143
F,143
F,143
F,143
F,143
F,143
F,143
F,143
F,144
F,144
F,144
F,144
F,144
F,144
F,144
F,144
F,144
F,144
F,144
F,144
F,144
F,144
F,144
F,144
F,144
F,144
F,144
F,144
F,144
F,144
F,144
F,144
F,144
F,144
F,144
F,144
F,144
F,144
F,144
F,144
F,144
F,144
F,144
F,144
F,144
F,144
F,144
F,144
F,144
F,144
F,144
F,144
F,144
F,144
F,144
F,144
F,144
F,144
F,144
F,144
F,144
F,144
F,144
F,144
F,144
F,144
F,145
F,145
F,145
F,145
F,145
F,145
F,145
F,145
F,145
F,145
F,145
F,145
F,145
F,145
F,145
F,145
F,145
F,145
F,145
F,145
F,145
F,145
F,145
F,145
F,145
F,145
F,145
F,145
F,145
F,145
F,145
F,145
F,145
F,145
F,146
F,146
F,146
F,146
F,146
F,146
F,146
F,146
F,146
F,146
F,146
F,147
F,147
F,147
F,147
F,147
F,147
M,148
M,148
M,148
M,148
M,148
M,148
M,148
M,148
M,148
M,148
M,148
M,148
M,148
M,148
M,149
M,149
M,149
M,149
M,149
M,149
M,149
M,149
M,149
M,149
M,149
M,149
M,149
M,149
M,149
M,149
M,150
M,150
M,150
M,150
M,150
M,150
M,150
M,150
M,150
M,150
M,150
M,150
F,151
F,151
F,151
F,151
F,151
F,151
F,151
F,151
F,151
F,151
F,151
F,151
F,151
F,151
F,151
F,151
F,151
F,151
F,151
M,152
M,152
M,152
M,152
M,152
M,152
M,152
M,152
M,152
M,152
M,152
M,152
M,152
M,152
M,152
M,152
M,152
M,152
M,152
M,152
M,152
M,152
M,152
M,152
M,152
M,152
M,152
M,152
M,152
M,152
M,152
M,152
M,152
M,152
M,152
M,152
M,152
M,152
F,153
F,153
F,153
F,153
F,153
F,153
F,153
F,153
F,153
F,153
F,153
F,153
F,153
F,153
M,154
M,154
M,154
M,154
M,154
M,154
M,154
M,154
M,154
M,154
M,154
F,155
F,155
F,155
F,155
F,155
F,155
F,155
F,155
F,155
F,155
F,155
F,155
F,155
F,155
F,155
F,155
F,155
F,155
F,155
F,155
F,155
M,156
M,156
M,156
M,156
M,156
M,156
M,156
M,156
M,156
M,156
M,156
M,156
M,156
M,156
M,156
M,156
M,157
M,157
M,157
M,157
M,157
M,157
M,157
M,157
M,157
M,157
M,157
M,157
M,157
M,157
M,157
M,157
M,157
M,157
M,157
M,158
M,158
M,158
M,158
M,158
M,158
M,158
M,158
M,158
M,158
M,158
M,158
M,158
M,158
M,158
M,158
M,158
M,158
M,158
M,158
M,158
M,158
M,158
M,158
M,158
F,159
F,159
F,159
F,159
F,159
F,159
F,159
F,159
F,159
F,159
F,159
F,159
F,159
F,159
F,159
F,160
F,160
F,160
F,160
F,160
F,160
F,160
F,160
F,160
F,160
F,161
F,161
F,161
F,161
F,161
F,162
F,162
F,162
F,162
F,162
F,162
F,162
F,162
F,162
F,162
F,162
F,162
F,162
F,162
F,162
F,163
F,163
F,163
F,163
F,163
F,163
F,163
F,163
F,163
F,163
F,163
F,163
F,163
F,164
F,164
F,164
F,164
F,165
F,165
F,165
F,165
F,165
F,165
F,165
F,165
F,165
M,166
M,166
M,166
M,167
M,167
M,167
M,167
M,167
M,167
M,167
M,167
M,167
M,167
M,167
M,167
M,167
M,167
M,167
M,167
M,167
M,167
M,167
M,167
M,167
M,167
M,167
M,167
M,167
M,167
M,167
,168
,168
,168
,168
,168
,168
,168
,168
,168
,168
,168
,168
,168
,168
,168
,168
,168
,168
,168
,168
,168
F,169
F,169
F,169
F,169
F,169
F,169
F,169
F,169
F,169
F,169
F,169
F,169
F,169
F,169
F,169
F,169
F,169
F,169
F,169
F,169
F,169
F,169
F,169
F,169
F,169
F,169
F,169
F,169
F,169
F,169
F,170
F,170
F,170
F,170
F,170
F,170
F,170
F,170
M,171
M,171
M,171
M,171
M,171
M,171
M,171
M,171
M,171
M,171
M,171
M,172
M,172
M,172
M,172
M,172
M,172
M,172
F,173
F,173
F,173
F,173
F,173
F,173
F,173
F,173
F,173
F,173
F,173
F,173
F,173
F,173
F,173
F,173
F,173
F,173
F,173
F,173
F,173
F,173
F,174
F,174
F,174
F,174
F,174
F,174
F,174
F,174
F,174
F,174
F,174
F,174
F,174
F,174
F,174
F,174
F,174
F,174
F,174
F,174
F,174
F,174
F,175
F,175
F,175
F,175
F,175
F,175
F,175
F,175
F,175
F,175
F,175
F,175
F,175
F,175
F,175
M,176
M,176
M,176
M,176
M,176
M,176
M,176
M,176
M,176
M,177
M,177
M,177
M,177
M,177
M,177
M,177
M,177
M,177
M,177
M,177
M,177
F,178
F,178
F,178
F,178
F,178
F,178
F,178
F,178
F,178
F,178
F,178
F,178
F,179
F,179
F,179
F,179
F,179
F,179
F,179
F,179
F,179
F,179
F,179
F,179
F,179
F,179
F,179
F,179
M,180
M,180
M,180
M,180
M,180
M,180
M,180
M,180
M,180
M,180
M,180
M,180
M,180
M,180
M,180
M,180
M,180
M,180
M,180
M,180
M,180
M,180
M,180
M,180
M,180
F,181
F,181
F,181
F,181
F,181
F,181
F,181
F,181
F,181
F,181
F,181
F,181
F,181
F,181
F,181
F,181
M,182
M,182
M,182
M,182
M,182
M,182
M,182
M,182
M,182
M,182
M,182
M,182
M,182
M,182
M,182
M,182
M,182
M,182
M,182
F,183
F,183
F,183
F,183
F,183
F,183
F,183
F,183
F,183
F,183
F,183
F,183
F,183
F,183
F,183
F,183
F,183
F,183
F,183
F,183
F,183
F,183
F,183
F,183
F,183
M,184
M,184
M,184
M,184
M,184
M,184
M,184
M,184
M,184
M,184
M,184
M,184
M,184
M,184
M,184
M,184
M,184
M,184
M,184
M,184
M,184
M,184
M,184
M,184
M,184
M,184
M,184
M,184
M,184
M,184
M,184
M,184
M,184
M,184
M,184
M,184
M,184
M,184
M,184
M,184
M,184
M,184
M,184
M,184
M,184
M,184
M,184
M,184
M,184
M,185
M,185
M,185
M,185
M,185
M,185
M,185
M,185
M,185
M,185
M,185
M,185
M,186
M,186
M,186
M,186
M,186
M,186
M,186
M,186
M,186
M,186
M,186
M,186
F,187
F,187
F,187
F,187
F,187
F,187
F,187
F,187
F,187
F,187
M,188
M,188
M,188
M,188
M,188
M,188
M,188
M,188
M,188
M,188
M,188
M,189
M,189
M,189
M,189
M,189
M,189
M,189
M,189
M,189
M,189
M,189
M,189
M,189
M,189
M,189
M,189
M,189
M,189
M,190
M,190
M,190
M,190
M,190
F,191
F,191
F,191
F,191
F,191
F,191
F,191
F,191
F,191
F,191
F,191
F,191
F,191
F,191
M,192
M,192
M,192
M,192
M,192
M,192
M,192
M,192
M,192
M,192
M,192
M,192
M,192
M,192
M,192
M,192
M,192
M,192
M,192
M,192
M,192
M,192
M,192
M,192
M,192
M,192
M,192
M,192
M,192
M,193
M,193
M,193
M,193
M,193
M,193
M,193
M,193
M,193
M,193
M,193
M,193
M,193
M,193
M,193
M,193
M,193
M,193
M,193
M,193
M,193
M,194
M,194
M,194
M,194
M,194
M,194
M,194
M,194
M,194
M,194
M,194
M,194
M,194
M,194
M,194
F,195
F,195
F,195
F,195
F,195
F,195
F,195
F,195
F,196
F,196
F,196
F,196
,197
,197
,197
,197
,197
,197
,197
,197
,197
,197
,197
,197
,197
,197
,197
,197
,197
,197
,197
,197
,197
M,198
M,198
M,198
M,198
M,198
M,198
M,198
M,198
M,198
M,198
M,198
M,198
M,198
M,198
M,198
M,198
M,198
M,198
M,199
M,199
M,199
M,199
M,199
M,199
M,199
M,199
M,199
M,199
M,199
M,199
M,199
M,199
M,199
M,199
M,199
M,199
M,199
M,199
M,199
M,199
M,199
M,199
M,199
M,200
M,200
M,200
M,200
M,200
M,200
M,200
M,200
M,200
M,200
M,200
M,200
M,200
M,200
M,200
M,200
M,200
M,200
M,200
M,200
M,200
M,200
F,201
F,201
F,201
F,201
F,201
F,201
F,201
F,201
F,202
F,202
F,202
F,202
F,202
F,202
F,202
F,202
F,202
F,202
F,202
F,202
F,202
F,202
F,202
M,203
M,203
M,203
M,203
M,203
M,203
M,203
M,203
M,203
M,203
M,203
M,203
M,203
M,203
M,203
M,204
M,204
M,204
M,204
M,204
M,204
M,204
M,204
M,204
M,204
M,204
M,204
M,204
F,205
F,205
F,205
F,205
F,205
F,205
F,205
F,205
F,205
F,205
F,205
F,206
F,206
F,206
F,206
F,206
F,206
F,206
F,206
F,206
F,206
F,206
F,206
M,207
M,207
M,207
M,207
M,207
M,207
M,207
M,207
M,207
M,207
M,207
M,207
M,207
M,207
M,207
M,207
M,207
M,207
M,207
M,207
M,207
M,207
M,207
M,207
M,207
M,207
M,207
M,207
M,207
M,207
M,207
M,207
M,207
M,207
M,207
M,207
M,207
M,207
M,207
M,207
M,207
M,207
M,207
M,207
M,207
M,207
M,207
M,207
M,207
M,207
M,207
M,207
M,207
M,207
M,207
M,207
M,207
M,207
M,207
M,207
M,207
M,207
M,207
M,207
M,207
M,208
M,208
M,208
M,208
M,208
M,208
M,208
M,208
M,208
M,208
M,208
M,208
M,208
M,208
M,208
M,208
M,208
M,208
M,208
M,208
M,208
M,208
M,208
M,208
M,208
M,208
M,208
M,208
M,208
M,208
M,209
M,209
M,209
M,209
M,210
M,210
M,210
M,210
M,210
M,210
M,210
M,210
M,210
M,210
M,210
M,210
M,210
M,210
F,211
F,211
F,211
F,211
F,211
F,211
F,212
F,212
F,212
F,212
F,212
F,212
F,212
F,212
F,212
F,212
F,212
F,212
F,212
F,212
F,212
F,212
F,212
F,212
F,212
F,212
F,212
F,212
F,212
F,212
M,213
M,213
M,213
M,213
M,213
M,213
M,213
M,213
M,213
M,213
M,213
M,213
M,213
M,213
M,213
M,213
M,213
M,213
M,213
M,213
M,213
M,213
M,213
M,213
M,213
M,213
M,213
M,213
M,213
M,213
M,213
M,213
M,213
M,213
M,213
M,213
M,213
M,213
M,213
M,213
M,213
M,213
M,213
M,213
M,213
M,213
M,213
M,213
M,213
M,213
M,213
M,213
M,213
M,213
M,213
M,213
M,213
M,214
M,214
M,214
M,214
M,214
M,214
M,214
M,214
M,214
M,214
M,214
M,214
M,214
M,214
M,214
M,214
M,215
M,215
M,215
M,215
M,215
M,215
M,215
M,215
M,215
M,215
M,215
M,215
M,216
M,216
M,216
M,216
M,216
M,216
M,216
M,216
M,216
M,216
M,216
M,216
M,216
M,216
M,216
M,216
M,216
M,216
M,216
M,216
M,216
M,216
M,216
M,216
M,216
M,216
M,216
M,216
M,216
M,216
M,216
M,216
M,216
M,216
M,216
M,216
M,216
M,216
M,216
M,216
M,216
M,216
F,217
F,217
F,217
F,217
F,217
F,217
F,217
F,217
F,217
F,217
F,217
F,217
F,217
F,217
F,217
F,218
F,218
F,218
F,218
F,218
F,218
F,218
F,218
F,218
F,218
F,218
F,218
F,218
F,218
F,218
F,218
F,219
F,219
F,219
F,219
F,219
F,219
F,219
F,219
,220
,220
,220
,220
F,221
M,222
M,222
M,222
M,222
M,222
M,222
M,222
M,222
M,223
M,223
M,223
M,223
M,223
M,223
M,223
M,223
M,223
F,224
F,225
F,225
F,226
,227
,227
,227
,227
F,228
F,228
F,229
,230
,230
F,231
F,231
F,231
F,231
F,231
F,231
,232
,232
,232
,232
,232
F,233
F,233
F,233
M,234
F,235
F,235
F,235
F,236
,237
F,238
F,238
F,238
F,238
F,238
M,239
M,239
M,239
M,239
M,239
M,239
M,239
M,239
M,239
M,239
M,239
M,239
M,239
M,239
M,239
M,239
M,239
M,239
M,239
F,240
F,240
F,240
F,240
F,240
F,241
F,241
F,241
F,241
F,242
F,242
F,242
F,242
M,243
M,243
M,243
M,243
M,243
M,243
M,243
M,243
M,244
M,244
M,244
M,244
M,244
M,244
M,245
M,245
M,245
,246
,246
,246
,246
,246
,246
,246
,246
,246
,246
,246
,246
,246
F,247
F,248
F,248
F,248
F,248
F,248
F,248
M,249
M,249
M,249
M,249
M,249
M,250
M,250
M,251
M,251
M,251
M,251
M,251
M,252
M,252
M,252
M,252
M,252
M,252
M,252
M,252
M,253
M,253
M,253
F,254
F,254
F,254
F,255
F,256
F,256
F,256
F,257
F,257
F,257
F,258
F,259
F,259
F,259
F,260
F,260
F,260
F,261
F,261
F,261
F,261
,262
,262
,262
F,263
F,263
F,263
F,263
F,263
F,263
F,263
F,263
F,263
M,264
M,264
M,264
M,264
M,264
M,264
M,264
M,265
M,265
M,265
M,265
F,266
F,266
F,266
F,267
F,267
F,267
F,267
F,267
M,268
M,268
M,269
M,269
M,269
M,269
M,269
M,269
M,269
M,269
M,269
M,269
M,269
M,269
M,269
M,269
M,269
M,270
F,271
F,271
F,271
F,271
F,271
F,271
F,271
,272
,272
,272
,272
,272
F,273
M,274
M,274
M,274
F,275
,276
,276
F,277
M,278
M,278
M,279
,280
,280
F,281
F,281
F,281
F,281
F,281
F,281
F,282
F,282
F,282
F,282
F,282
F,282
F,282
F,282
F,282
F,282
F,282
F,283
F,283
F,283
F,284
F,284
F,284
F,284
F,284
M,285
M,285
M,285
M,285
M,286
M,286
M,287
M,287
M,287
M,287
M,287
M,287
M,287
M,287
M,287
M,287
M,287
M,287
M,287
M,287
M,287
M,287
M,287
M,287
M,287
M,287
M,287
M,287
M,287
M,287
M,287
M,287
M,287
M,287
M,287
M,287
M,287
M,287
M,287
M,287
M,288
M,288
M,288
M,288
M,288
F,289
F,289
F,289
F,289
F,289
F,289
F,289
,290
,290
,290
,290
,290
,290
,290
,290
,290
,290
,291
,291
,291
,291
,291
,291
,291
F,292
F,292
F,292
F,292
F,292
F,292
F,292
F,292
F,292
F,292
F,292
F,292
F,292
F,292
F,292
F,292
F,292
F,292
F,292
F,292
F,292
F,292
F,292
F,292
F,292
F,292
F,292
F,292
F,292
F,292
F,292
F,292
F,292
F,293
F,293
F,293
F,293
F,293
F,293
F,293
M,294
F,295
,296
,296
F,297
F,297
F,297
F,297
F,297
F,297
F,297
F,297
F,297
F,297
F,297
F,297
F,297
F,297
F,297
F,297
M,298
M,299
M,299
M,299
M,299
M,299
F,300
F,300
F,300
F,300
F,300
M,301
M,301
M,302
M,302
M,302
M,302
M,302
M,302
F,303
F,303
F,303
F,303
F,303
F,303
F,303
F,303
F,303
,304
M,305
M,305
M,306
M,306
F,307
F,307
F,307
F,307
F,308
F,308
F,308
F,309
F,309
F,309
F,309
M,310
F,311
F,311
F,311
M,312
M,312
M,312
M,312
M,313
M,313
M,313
M,313
M,313
M,313
M,313
M,313
M,313
M,313
M,313
M,313
M,314
F,315
F,315
F,315
F,315
F,315
M,316
F,317
F,317
F,318
F,318
F,318
F,318
F,318
F,318
F,318
M,319
M,319
M,319
M,319
M,319
M,320
F,321
F,321
F,321
F,322
F,322
F,322
F,322
F,322
F,323
F,323
F,323
F,323
F,323
F,323
M,324
M,324
M,324
M,324
M,324
M,324
M,324
,325
F,326
F,326
F,326
F,327
F,328
F,328
F,328
F,328
F,328
F,329
F,329
F,329
F,329
F,329
F,329
F,329
F,329
F,330
F,330
F,331
M,332
M,332
M,332
M,332
M,333
M,333
M,333
M,333
M,334
M,334
M,335
M,336
F,337
F,337
F,337
F,337
F,337
F,337
F,337
F,338
F,338
F,338
F,339
F,339
F,339
F,340
F,340
F,340
F,340
F,341
F,341
F,341
M,342
M,342
M,342
M,342
M,342
M,342
M,342
M,342
M,342
F,343
F,343
F,343
F,343
F,343
F,343
F,343
F,343
F,343
F,343
F,343
F,343
,344
,345
M,346
M,346
M,346
M,346
M,346
M,346
M,347
M,347
M,347
M,347
M,347
M,347
F,348
F,348
F,348
F,348
F,348
F,348
F,348
F,348
F,348
F,349
F,349
F,349
F,349
F,349
F,350
F,350
F,350
F,350
F,350
F,351
F,351
F,351
F,351
F,351
F,351
F,351
F,351
F,351
F,351
F,351
F,351
F,351
M,352
M,352
M,352
M,352
M,352
M,352
M,353
M,353
F,354
F,354
F,354
F,354
,355
,355
,355
F,356
F,356
,357
,357
M,358
M,358
M,358
M,358
M,358
M,358
,359
,359
,359
,359
M,360
M,361
M,361
M,361
M,361
M,361
M,361
M,361
M,361
M,361
M,361
F,362
F,362
,363
M,364
M,364
F,365
M,366
M,366
M,366
M,366
M,366
M,366
F,367
M,368
M,368
M,368
M,368
M,368
M,368
,369
,369
,369
,369
M,370
M,370
M,370
M,370
M,370
F,371
F,371
F,371
F,371
F,372
F,372
F,372
F,372
F,372
F,372
F,372
F,372
M,373
M,373
M,373
M,373
M,373
M,373
F,374
F,374
M,375
F,376
F,376
F,376
F,376
M,377
M,377
F,378
M,379
M,379
M,379
,380
,380
,380
M,381
M,381
M,381
M,381
M,381
M,381
M,381
M,381
M,381
M,381
M,381
M,381
M,381
M,381
M,381
M,381
M,381
M,381
M,381
M,381
M,381
M,381
M,381
M,381
M,381
M,381
M,381
M,381
M,381
M,381
M,382
M,382
M,382
M,382
M,382
M,382
M,382
M,382
M,382
M,382
M,383
M,383
M,383
M,383
M,383
M,383
M,383
M,383
M,383
F,384
F,384
F,384
F,384
,385
,385
,385
,385
,385
,385
F,386
F,386
F,386
F,386
F,386
F,386
M,387
M,387
M,387
M,387
M,387
M,387
M,387
M,387
M,387
M,387
M,387
M,387
M,387
M,387
M,387
M,387
M,387
M,387
,388
,388
F,389
F,389
F,389
F,390
F,390
F,390
F,390
,391
,391
,391
,391
,391
M,392
M,392
M,392
M,392
M,392
F,393
M,394
M,394
M,394
M,395
M,395
M,395
M,395
M,395
M,395
M,395
M,395
M,395
M,395
M,395
M,395
M,395
M,395
M,395
M,395
M,395
M,396
M,396
M,396
M,396
